petID,customerID,name,breed,createdAt
1001,1877,Amelita,"Lizard, collared",2021-08-08 17:54:03
1002,1511,Alair,Desert kangaroo rat,2021-07-15 06:15:20
1003,1667,Yetty,Pocket gopher (unidentified),2021-03-20 09:23:27
1004,1107,Bald,"Shrike, common boubou",2021-03-31 07:12:44
1005,1100,Maible,"Squirrel, eastern fox",2021-06-14 14:16:09
1006,1866,Malchy,"Possum, western pygmy",2021-06-22 01:28:45
1007,1230,Maryrose,African skink,2021-02-04 10:02:18
1008,1646,Job,"Colobus, black and white",2021-05-02 02:52:57
1009,1147,Bay,Blue and yellow macaw,2021-08-30 00:24:24
1010,1831,Clem,"Squirrel, pine",2020-12-18 17:12:40
1011,1426,Hardy,Blue crane,2021-02-09 19:03:48
1012,1889,Lion,Eurasian red squirrel,2021-06-14 15:57:23
1013,1817,Frank,"Jaeger, long-tailed",2021-10-27 17:12:16
1014,1502,Lucille,"Bleu, red-cheeked cordon",2021-05-31 09:54:10
1015,1667,Ki,"Brocket, brown",2021-06-14 09:28:51
1016,1618,Tadeo,Blackish oystercatcher,2021-05-19 02:10:55
1017,1559,Banky,Thirteen-lined squirrel,2021-04-14 16:15:31
1018,1907,Falkner,Superb starling,2021-06-28 06:58:57
1019,1335,Emilee,"Vulture, black",2021-06-24 10:24:00
1020,1157,Gal,"Heron, green-backed",2021-05-27 12:42:02
1021,1609,Ladonna,"Swan, trumpeter",2020-11-28 15:19:34
1022,1968,Bernette,White-winged tern,2021-08-22 07:47:42
1023,1062,Billy,Yellow-billed stork,2021-03-15 14:33:56
1024,1622,Guthry,"Ox, musk",2021-01-30 14:28:19
1025,1226,Kimberlee,Chestnut weaver,2021-05-24 00:18:45
1026,1759,Yuma,"Cormorant, king",2021-07-11 05:06:19
1027,1540,Jerald,Crowned eagle,2020-11-17 20:14:38
1028,1623,Hilario,Clark's nutcracker,2021-07-02 16:16:55
1029,1925,Farrah,"Vulture, egyptian",2021-05-22 23:22:09
1030,1753,Kaylee,Two-toed tree sloth,2021-03-11 09:17:10
1031,1373,Marya,"Spurfowl, yellow-necked",2021-05-30 01:22:13
1032,1536,Case,Common raccoon,2021-08-27 14:08:55
1033,1450,Faun,Asian red fox,2020-12-14 05:38:21
1034,1097,Dario,"Rhinoceros, black",2021-09-03 07:39:30
1035,1738,Tracie,"Marmot, hoary",2021-03-15 22:27:17
1036,1722,Rosalyn,Downy woodpecker,2021-03-16 23:49:28
1037,1915,Cathie,Genoveva,2021-07-25 15:37:44
1038,1381,Tulley,"Bird, black-throated butcher",2021-01-03 17:12:55
1039,1116,Jillane,Wolf spider,2021-05-26 21:17:29
1040,1398,Abram,Least chipmunk,2020-12-30 03:44:27
1041,1781,Gabby,"Toucan, red-billed",2021-07-23 10:11:37
1042,1386,Sanders,"Pigeon, wood",2021-04-29 21:58:04
1043,1122,Averill,Brush-tailed bettong,2021-08-07 06:28:06
1044,1644,Fanchette,"Waxbill, blue",2021-01-10 23:47:58
1045,1132,Neville,Red-cheeked cordon bleu,2021-05-23 16:43:35
1046,1910,Kaine,Black bear,2021-01-30 00:48:58
1047,1105,Brion,"Kite, black",2021-11-06 06:46:36
1048,1733,Alexina,"Stork, openbill",2021-07-22 09:37:45
1049,1187,Allyson,"Tern, white-winged black",2021-06-08 20:30:08
1050,1110,Ansel,"Squirrel, thirteen-lined",2021-09-19 15:38:02
1051,1095,Maurice,Euro wallaby,2021-09-19 01:36:45
1052,1846,Ransell,Black-winged stilt,2021-06-03 05:21:12
1053,1585,Penny,Blue fox,2021-08-26 18:15:50
1054,1003,Clifford,Steller sea lion,2021-07-30 21:25:49
1055,1401,Adolph,Euro wallaby,2021-01-08 06:14:50
1056,1990,Whitman,Chimpanzee,2021-08-25 08:34:24
1057,1371,Fedora,"Flamingo, lesser",2021-04-12 07:20:13
1058,1544,Mano,"Squirrel, european red",2021-09-22 22:18:24
1059,1712,Frasquito,Yellow-rumped siskin,2021-02-09 16:04:23
1060,1411,Lottie,Common raccoon,2020-12-17 05:22:08
1061,1309,Babara,"Whale, killer",2020-12-25 14:22:42
1062,1003,Krystyna,Honey badger,2021-03-28 18:46:33
1063,1905,Buddie,"Sloth, pale-throated three-toed",2021-04-30 12:30:40
1064,1510,Brett,Klipspringer,2021-04-16 11:28:12
1065,1045,Nicoli,Short-beaked echidna,2020-11-28 02:29:06
1066,1606,Benita,"Parrot, hawk-headed",2021-04-06 13:04:44
1067,1982,Amabelle,Hoffman's sloth,2021-04-16 06:21:01
1068,1508,Willdon,"Peccary, collared",2021-01-20 13:04:40
1069,1115,Molli,"Stork, yellow-billed",2020-11-10 12:22:57
1070,1363,Katrina,"Squirrel, thirteen-lined",2021-08-27 07:06:19
1071,1782,Pavla,Paradoxure,2021-07-27 12:13:09
1072,1904,Weber,"Hoopoe, eurasian",2021-03-05 23:28:55
1073,1616,Rosabelle,"Snake, green vine",2021-01-29 14:26:22
1074,1491,Wynne,"Bustard, stanley",2021-08-23 21:35:39
1075,1483,Clo,Australian masked owl,2021-05-20 19:41:17
1076,1332,Holmes,Black-crowned crane,2021-01-30 00:52:04
1077,1968,Leona,"Squirrel, uinta ground",2021-05-31 14:20:26
1078,1852,Ashlee,"Viper, egyptian",2021-08-12 15:48:06
1079,1771,Quentin,"Eland, common",2021-05-23 00:10:36
1080,1411,Nance,"Stork, saddle-billed",2021-09-24 15:49:35
1081,1338,Valenka,Weeper capuchin,2021-02-26 07:13:34
1082,1778,Aarika,Yellow-crowned night heron,2021-08-02 07:18:22
1083,1103,Felic,Sally lightfoot crab,2021-11-02 18:10:03
1084,1812,Silvain,"Badger, american",2021-01-08 02:47:05
1085,1665,Kenon,Ovenbird,2020-11-08 10:58:48
1086,1722,Tansy,"Pheasant, ring-necked",2021-08-21 23:06:09
1087,1680,Teddie,"Raven, cape",2021-02-17 00:28:53
1088,1647,Scarlet,"Gazelle, thomson's",2020-12-19 08:41:11
1089,1323,Ninnetta,Woodrat (unidentified),2021-11-03 19:40:40
1090,1591,Lonee,Australian masked owl,2021-11-07 02:14:39
1091,1662,Anna,"Gecko, bent-toed",2021-08-29 00:52:01
1092,1933,Ludovico,Whip-tailed wallaby,2021-05-24 18:36:41
1093,1128,Bobbye,"Otter, cape clawless",2021-08-10 13:56:58
1094,1450,Heda,"Brocket, brown",2020-12-28 08:03:01
1095,1706,Nataniel,American crow,2021-08-06 01:16:48
1096,1098,Jacquenette,"Lion, california sea",2021-03-25 06:28:03
1097,1877,Rodie,"Gecko, tokay",2021-06-08 09:00:29
1098,1894,Wilie,"Squirrel, indian giant",2020-12-15 15:57:57
1099,1007,Sibylle,"Eagle, bateleur",2020-11-24 23:18:11
1100,1867,Brnaby,Amazon parrot (unidentified),2021-10-11 16:02:12
1101,1693,Sullivan,Banded mongoose,2021-07-09 01:34:42
1102,1999,Mel,Golden-mantled ground squirrel,2021-07-11 06:23:58
1103,1862,Otha,"Cockatoo, sulfur-crested",2021-03-08 12:32:18
1104,1353,Marcos,Cereopsis goose,2021-10-15 18:52:04
1105,1253,Bridgette,Burmese brown mountain tortoise,2020-11-17 17:24:53
1106,1608,Virgina,"Kingfisher, white-throated",2021-02-21 18:47:16
1107,1852,Kareem,Fat-tailed dunnart,2021-08-30 13:25:57
1108,1821,Charlotte,Brush-tailed phascogale,2021-04-30 16:53:52
1109,1271,Tessie,Carpet snake,2021-02-06 03:52:17
1110,1591,Michale,California sea lion,2020-12-27 14:03:12
1111,1109,Marji,Brush-tailed bettong,2021-10-03 03:33:42
1112,1063,Fergus,African wild cat,2021-02-22 20:01:15
1113,1105,Layne,Spur-winged goose,2021-03-12 02:07:32
1114,1208,Bibby,Asian water dragon,2020-11-29 07:04:31
1115,1619,Hermina,Lizard (unidentified),2021-08-28 00:02:59
1116,1650,Elden,Rock dove,2020-12-01 15:57:20
1117,1433,Teriann,Pampa gray fox,2021-06-22 06:47:35
1118,1665,Tybalt,African jacana,2021-02-23 04:39:57
1119,1311,Meier,"Cardinal, black-throated",2021-05-02 04:56:34
1120,1879,Gayel,Australian spiny anteater,2021-10-04 10:06:00
1121,1537,Ulrike,Little blue penguin,2021-03-26 15:54:40
1122,1729,Franz,Herring gull,2021-09-23 05:09:43
1123,1205,Joye,"Gecko, barking",2021-01-26 11:51:12
1124,1989,Rozanne,Crown of thorns starfish,2021-09-18 00:56:52
1125,1354,Levi,"Gull, kelp",2020-11-27 20:07:20
1126,1366,Staffard,White-throated robin,2021-07-09 20:08:05
1127,1612,Meggy,Australian sea lion,2021-10-09 04:08:41
1128,1501,Oralia,"Vulture, turkey",2021-02-10 11:46:33
1129,1759,Enrica,"Squirrel, nelson ground",2020-11-19 14:31:57
1130,1834,Lory,Black rhinoceros,2021-02-02 19:01:13
1131,1285,Levin,"Bleu, red-cheeked cordon",2021-08-07 01:59:44
1132,1973,Lucky,"Mouse, four-striped grass",2021-11-05 00:29:42
1133,1598,Issy,"Ass, asiatic wild",2021-10-07 05:59:58
1134,1628,Prince,Flightless cormorant,2020-11-23 00:47:16
1135,1056,Abdul,"Whale, killer",2021-02-06 19:26:58
1136,1864,Heddi,Tayra,2021-08-30 23:03:55
1137,1576,Cristine,Black-throated cardinal,2021-07-15 16:07:33
1138,1137,Morganne,"Salmon, sockeye",2021-11-01 11:13:47
1139,1919,Averyl,"Wolf, common",2021-10-04 01:12:12
1140,1885,Hoyt,Brindled gnu,2021-06-28 08:23:50
1141,1134,Cecilla,Ant (unidentified),2021-04-08 20:55:04
1142,1962,Adorne,"Wolf, common",2021-02-22 00:44:09
1143,1737,Allianora,Fringe-eared oryx,2021-05-25 04:57:15
1144,1654,Ethelred,Black bear,2021-10-25 22:32:51
1145,1543,Shandy,Civet cat,2021-02-09 11:08:12
1146,1584,Gabe,"Thrasher, curve-billed",2021-03-28 16:15:53
1147,1362,Tonnie,"Bushbaby, large-eared",2021-07-03 22:44:19
1148,1767,Jeniffer,"Hedgehog, south african",2021-09-07 02:55:48
1149,1641,Tyson,Blue-tongued skink,2021-06-08 08:35:00
1150,1993,Maitilde,"Heron, striated",2021-01-05 08:56:57
1151,1140,Peggy,"Langur, gray",2021-02-05 10:38:17
1152,1118,Daisie,Little heron,2020-12-14 12:49:22
1153,1998,Cristian,Galapagos hawk,2021-05-03 17:43:24
1154,1816,Regan,Pied cormorant,2021-03-30 02:18:41
1155,1957,Wyatt,African ground squirrel (unidentified),2021-03-26 07:45:37
1156,1597,Gerrie,"Cat, toddy",2021-10-01 23:54:38
1157,1809,Danika,"Coot, red-knobbed",2021-03-12 15:16:56
1158,1642,Donaugh,Gemsbok,2021-03-26 10:38:09
1159,1733,Vaughan,"Sloth, pale-throated three-toed",2021-08-16 16:09:59
1160,1585,Matilde,"Porcupine, north american",2021-01-30 09:24:27
1161,1464,Paule,"Kangaroo, black-faced",2020-12-26 23:41:20
1162,1454,Claribel,"Dragon, frilled",2021-09-06 19:18:57
1163,1028,Bibby,"Dolphin, common",2021-03-28 13:24:34
1164,1949,Luis,"Deer, roe",2021-08-22 22:08:54
1165,1296,Genna,Indian porcupine,2021-07-30 11:17:18
1166,1639,Ardath,Tiger snake,2021-10-02 20:15:45
1167,1610,Fulton,"Leopard, indian",2021-04-05 22:26:30
1168,1735,Tatiana,Kalahari scrub robin,2020-12-24 06:36:13
1169,1724,Alvera,"Badger, eurasian",2021-10-01 16:17:13
1170,1997,Nance,"Phalarope, red-necked",2021-07-31 21:32:55
1171,1907,Isak,"Skimmer, four-spotted",2021-10-27 05:48:50
1172,1018,Liliane,Waved albatross,2021-05-23 16:07:31
1173,1955,Melisenda,Adouri (unidentified),2020-12-24 19:57:53
1174,1721,Danny,"Stork, woolly-necked",2020-12-28 22:32:13
1175,1077,Schuyler,Turtle (unidentified),2021-01-15 22:10:37
1176,1927,Malena,"Dog, african wild",2021-05-07 00:23:19
1177,1903,Hurleigh,"Rabbit, eastern cottontail",2021-08-08 01:20:42
1178,1811,Barth,Red-tailed cockatoo,2020-11-23 14:45:56
1179,1605,Charis,Bohor reedbuck,2020-11-30 17:34:33
1180,1350,Jorrie,"Penguin, galapagos",2021-06-07 10:31:21
1181,1917,Gabrielle,White-winged dove,2021-07-18 04:44:24
1182,1091,Kissee,"Macaw, blue and yellow",2021-10-22 18:19:29
1183,1440,Benito,Gemsbok,2021-08-16 20:06:05
1184,1016,Jehu,"Otter, small-clawed",2021-02-14 02:09:22
1185,1650,Cassius,Tropical buckeye butterfly,2021-03-31 20:07:51
1186,1624,Ediva,"Shark, blue",2021-03-15 21:16:34
1187,1977,Amaleta,"Wombat, common",2021-10-14 08:51:44
1188,1771,Lesley,White-winged dove,2021-10-08 02:01:58
1189,1277,Jobye,Vine snake (unidentified),2021-03-15 10:53:21
1190,1582,Pierrette,Gemsbok,2021-04-01 10:29:30
1191,1810,Rosalinde,"Gonolek, burchell's",2021-03-01 16:25:55
1192,1813,Sarah,Jabiru stork,2020-12-21 17:38:11
1193,1951,Rafferty,"Penguin, fairy",2021-07-20 16:20:21
1194,1165,Elyssa,Genoveva,2021-04-27 19:56:42
1195,1927,Alexi,"Cow, scottish highland",2021-11-04 21:45:21
1196,1652,Hasty,Snow goose,2021-08-17 13:20:50
1197,1806,Joni,"Brocket, brown",2021-03-13 05:10:03
1198,1632,Jenilee,"Gull, southern black-backed",2021-03-05 07:15:31
1199,1618,Robinett,"Teal, hottentot",2021-04-15 13:46:43
1200,1716,Klarika,Paca,2021-10-03 11:43:10
1201,1900,Frayda,Sage grouse,2021-04-08 11:37:03
1202,1600,Nancy,"Sungazer, yellow-brown",2021-11-06 21:31:57
1203,1690,Iormina,Red-necked wallaby,2021-03-20 22:08:41
1204,1284,Evey,Striped skunk,2021-10-19 21:41:36
1205,1141,Nada,Roseate cockatoo,2021-10-12 19:12:45
1206,1953,Maggee,Defassa waterbuck,2021-08-08 21:11:26
1207,1532,Sherri,"Starling, greater blue-eared",2021-01-02 16:43:31
1208,1593,Annnora,"Squirrel, red",2021-09-24 05:07:42
1209,1145,Alvinia,"Ringtail, common",2021-06-01 12:18:03
1210,1927,Bourke,Nelson ground squirrel,2021-06-15 09:13:08
1211,1364,Carly,"Magpie, black-backed",2021-09-06 08:31:20
1212,1233,Ebeneser,"Lion, southern sea",2021-06-15 11:41:23
1213,1591,Dena,Eagle owl (unidentified),2021-08-05 14:59:57
1214,1823,Tymon,"Cat, ringtail",2020-12-01 13:11:28
1215,1213,Gerrard,Roseat flamingo,2021-07-10 03:14:04
1216,1005,Aurelie,"Langur, hanuman",2021-10-25 18:18:53
1217,1901,Kristal,"Langur, gray",2021-06-22 01:23:34
1218,1721,Artus,Black-tailed deer,2020-12-24 07:25:22
1219,1304,Susana,Little cormorant,2021-05-23 05:05:10
1220,1182,Rollie,Thirteen-lined squirrel,2020-11-26 22:23:02
1221,1452,Bengt,"Lory, rainbow",2021-03-26 04:55:33
1222,1941,Berna,"Monitor, white-throated",2021-02-24 13:06:32
1223,1748,Dewey,"Bird, secretary",2021-03-21 05:36:43
1224,1134,Beverlee,Butterfly (unidentified),2021-06-04 20:47:28
1225,1886,Earlie,"Shrike, southern white-crowned",2021-07-22 13:23:42
1226,1139,Andeee,"Dolphin, bottle-nose",2021-07-06 04:32:14
1227,1093,Bidget,"Toucan, white-throated",2021-05-27 01:21:41
1228,1990,Godwin,"Insect, stick",2021-08-08 08:19:30
1229,1392,Marylee,"Sunbird, lesser double-collared",2021-06-28 11:07:43
1230,1066,Rey,Smith's bush squirrel,2021-06-04 19:23:26
1231,1519,Jamie,"Lion, galapagos sea",2021-04-06 03:02:12
1232,1897,Di,Bushpig,2021-09-07 23:52:08
1233,1195,Grier,"Woodpecker, red-headed",2021-10-07 12:33:53
1234,1737,Evyn,"Cardinal, red-capped",2020-12-16 16:42:14
1235,1388,Dayle,Greylag goose,2021-02-21 05:48:47
1236,1225,Sheff,Potoroo,2021-10-22 00:00:11
1237,1590,Rafael,"Ferret, black-footed",2021-03-22 01:02:59
1238,1123,Charlotta,Red-headed woodpecker,2021-02-07 10:57:51
1239,1264,Eddy,"Monster, gila",2021-08-27 16:46:47
1240,1357,Alvinia,Genoveva,2021-08-07 05:44:17
1241,1479,Brooke,Ring-tailed gecko,2021-09-27 08:06:28
1242,1349,Malory,Striped hyena,2020-11-12 23:14:14
1243,1533,Ali,"Beaver, american",2021-02-23 21:54:01
1244,1341,Leandra,"Squirrel, red",2021-02-15 02:47:19
1245,1122,Wheeler,"Bee-eater, white-fronted",2021-09-03 18:15:53
1246,1062,Ian,"Jacana, african",2021-04-12 16:51:15
1247,1637,Dulcea,"Bee-eater, nubian",2021-04-03 14:19:52
1248,1232,Linoel,"Swan, black",2021-08-12 23:31:49
1249,1960,Murielle,"Possum, pygmy",2021-03-06 04:27:44
1250,1546,Den,"Quoll, eastern",2021-11-06 04:22:49
1251,1720,Kylynn,Purple moorhen,2021-08-11 22:42:41
1252,1791,Felicia,"Jackal, silver-backed",2021-05-01 20:45:55
1253,1647,Geordie,"Deer, barasingha",2021-05-02 11:38:56
1254,1824,Alta,Common zorro,2020-12-03 13:01:45
1255,1148,Gregor,House crow,2020-12-05 16:47:42
1256,1570,Antin,House sparrow,2021-05-04 10:29:00
1257,1746,Marj,"Otter, brazilian",2021-11-06 19:43:19
1258,1632,Jacklin,Sidewinder,2021-07-24 09:26:32
1259,1114,Kari,Red kangaroo,2021-02-02 14:58:34
1260,1634,Albina,Ant (unidentified),2021-08-19 02:52:18
1261,1627,Sherlock,"Bulbul, black-fronted",2020-12-22 14:30:49
1262,1840,Shayna,"Shrike, southern white-crowned",2021-01-26 03:32:01
1263,1480,Tori,Cougar,2021-04-11 17:01:49
1264,1760,Arty,Defassa waterbuck,2021-01-23 21:12:52
1265,1147,Curry,North American porcupine,2021-03-18 01:00:33
1266,1650,Aretha,European badger,2021-10-03 01:09:34
1267,1113,Cornie,Eastern grey kangaroo,2021-04-09 18:22:22
1268,1188,Nerta,Lilac-breasted roller,2020-11-17 06:54:46
1269,1213,Hakim,"Deer, swamp",2021-08-03 16:26:52
1270,1589,Cullie,"Dove, galapagos",2021-06-21 00:32:58
1271,1170,Jarrid,Red-necked wallaby,2021-08-30 16:10:02
1272,1509,Michelle,"Hornbill, southern ground",2021-06-07 17:34:18
1273,1668,George,"Wallaby, river",2021-10-11 19:44:25
1274,1106,Ermentrude,"Cardinal, black-throated",2021-02-11 13:47:23
1275,1429,Bethanne,"Spider, wolf",2021-07-10 11:48:34
1276,1882,Cristionna,"Cat, tiger",2021-10-26 12:17:16
1277,1113,Arlana,Prairie falcon,2021-02-12 10:56:16
1278,1764,Mathew,Red brocket,2021-04-29 02:00:23
1279,1064,Alix,Ring-tailed gecko,2021-08-12 17:03:36
1280,1839,Edith,Swallow (unidentified),2021-06-21 06:39:41
1281,1390,Noak,Bee-eater (unidentified),2020-11-17 23:25:26
1282,1391,Licha,Southern black-backed gull,2021-10-17 01:54:14
1283,1825,Theresita,Rock dove,2021-03-15 19:28:06
1284,1872,Ardenia,"Hawk, ferruginous",2021-08-09 23:55:17
1285,1151,Brendon,"Whale, killer",2020-11-18 18:19:59
1286,1993,Amanda,Wood pigeon,2021-07-20 13:00:52
1287,1152,Suzy,Asian lion,2021-09-29 06:38:31
1288,1830,Benson,Australian masked owl,2021-04-23 03:13:10
1289,1159,Modestine,Australian spiny anteater,2021-05-14 21:02:43
1290,1372,Violetta,Tsessebe,2021-10-14 19:19:39
1291,1662,Nissa,"Possum, western pygmy",2021-03-11 07:53:09
1292,1259,Pietra,Brindled gnu,2021-02-25 09:46:41
1293,1288,Desirae,"Snake, green vine",2021-06-15 18:03:53
1294,1256,Charline,Brown lemur,2021-10-16 16:14:48
1295,1173,Constantin,Small-toothed palm civet,2021-04-11 12:53:54
1296,1099,Vernice,"Peccary, collared",2021-01-11 12:20:57
1297,1057,Alexis,"Anteater, giant",2021-10-16 06:42:27
1298,1387,Mickey,"Monster, gila",2021-07-24 09:55:30
1299,1823,Eberto,Black bear,2021-10-03 07:01:04
1300,1761,Barbie,Blue racer,2020-12-15 22:53:18
1301,1341,Gerianna,Blue-tongued skink,2021-04-26 00:41:56
1302,1662,Pierson,"Sloth, two-toed",2021-01-10 15:16:46
1303,1238,Guglielma,"Bushbaby, large-eared",2020-12-03 00:19:41
1304,1846,Alyss,Arctic fox,2021-04-02 20:17:53
1305,1631,Kimberlyn,Dassie,2021-09-05 15:04:24
1306,1223,Constance,"Siskin, pine",2021-01-02 13:31:09
1307,1461,Randi,"Mockingbird, galapagos",2021-04-29 04:45:09
1308,1057,Donna,Bee-eater (unidentified),2021-08-30 12:32:25
1309,1632,Tessy,Cape clawless otter,2020-12-28 17:01:27
1310,1599,Yale,"Squirrel, uinta ground",2021-03-05 04:20:40
1311,1064,Nilson,"Macaque, japanese",2021-06-01 06:24:34
1312,1103,Chick,Wattled crane,2021-11-05 20:39:29
1313,1944,Ame,Stick insect,2021-10-27 13:53:03
1314,1914,Claiborn,"Hare, arctic",2021-10-28 10:59:27
1315,1177,Fidelia,Feral rock pigeon,2021-08-07 08:56:18
1316,1925,Roldan,"Buffalo, asian water",2021-04-24 00:24:04
1317,1032,Marcelia,"Flamingo, lesser",2021-02-25 12:00:07
1318,1987,Gaspard,"Phascogale, brush-tailed",2021-06-14 15:23:38
1319,1306,Freddie,"Squirrel, antelope ground",2021-06-14 16:23:58
1320,1781,Nadine,Grant's gazelle,2021-03-22 18:42:57
1321,1650,Brigitta,"Sparrow, rufous-collared",2020-12-19 03:43:23
1322,1698,Ermanno,"Cormorant, javanese",2021-09-17 14:21:11
1323,1864,Lucienne,Spotted wood sandpiper,2021-10-25 08:03:25
1324,1968,Lonnie,"Fox, asian red",2021-07-09 22:51:38
1325,1031,Dave,Raccoon dog,2021-06-22 20:23:43
1326,1294,Thaxter,Western patch-nosed snake,2021-06-23 01:00:31
1327,1380,Maxim,"Lion, australian sea",2021-05-20 21:10:57
1328,1264,Artemis,Emerald green tree boa,2021-01-20 03:23:08
1329,1812,Goldia,"Baboon, gelada",2021-09-25 05:22:17
1330,1186,Kevyn,"Seal, harbor",2021-07-25 14:59:21
1331,1858,Shamus,Spur-winged goose,2021-02-09 16:50:58
1332,1231,Frederich,"Grenadier, purple",2021-04-10 21:43:01
1333,1318,Gib,Amazon parrot (unidentified),2021-08-14 17:44:59
1334,1185,Elvina,Sandhill crane,2020-12-31 23:35:07
1335,1751,Zolly,"Antechinus, brown",2021-07-18 13:34:09
1336,1628,Cindi,"Heron, boat-billed",2021-07-01 22:58:24
1337,1246,Mattias,"Cockatoo, red-breasted",2021-01-09 00:22:16
1338,1291,Arabele,Western pygmy possum,2021-03-16 09:07:33
1339,1805,Baily,Canadian tiger swallowtail butterfly,2021-02-11 06:38:35
1340,1261,Mitchel,"Lemur, ring-tailed",2021-05-18 19:22:31
1341,1409,Gaven,"Dunnart, fat-tailed",2021-08-16 00:56:11
1342,1858,Harrie,House crow,2020-11-08 19:04:09
1343,1366,Roxie,Racer snake,2021-07-19 06:16:11
1344,1601,Verine,White-nosed coatimundi,2021-02-27 23:19:14
1345,1315,Nikoletta,Tawny eagle,2021-08-24 05:02:45
1346,1188,Bertie,"Eagle, golden",2021-03-26 08:02:55
1347,1047,Reeta,"Rhea, greater",2021-08-18 01:34:10
1348,1758,Jehu,Plains zebra,2021-11-06 13:29:30
1349,1268,Shermie,Green-winged macaw,2021-04-12 04:04:41
1350,1267,Lyda,Cape white-eye,2021-07-11 13:06:29
1351,1819,Creight,Bahama pintail,2021-03-05 16:39:08
1352,1537,Emmeline,"Ox, musk",2020-11-28 06:21:02
1353,1166,Humphrey,Green-backed heron,2021-02-12 10:27:20
1354,1467,Sonnie,"Owl, white-browed",2021-03-15 01:43:00
1355,1702,Morey,Rose-ringed parakeet,2021-01-15 02:07:19
1356,1853,Shermie,"Quoll, eastern",2021-09-11 13:03:27
1357,1224,Derk,European badger,2021-10-20 17:39:33
1358,1620,Ketty,"Dog, raccoon",2021-04-24 00:05:02
1359,1704,Marylinda,Potoroo,2021-03-23 23:36:57
1360,1289,Caty,Four-striped grass mouse,2021-06-14 22:53:40
1361,1819,Clemmie,Glossy starling (unidentified),2021-06-03 14:37:22
1362,1500,Mick,"White-eye, cape",2021-08-16 04:41:05
1363,1660,Dru,Raccoon dog,2021-07-11 02:28:33
1364,1677,Alejandro,Greater blue-eared starling,2020-12-04 17:21:23
1365,1082,Lynsey,"Stilt, black-winged",2021-04-19 05:03:26
1366,1005,Janaya,"Shark, blue",2021-03-22 11:16:07
1367,1428,Frank,"Nuthatch, red-breasted",2021-09-25 18:16:16
1368,1302,Harmon,"Dog, african wild",2021-07-26 05:44:08
1369,1006,Tracie,"Wildebeest, blue",2020-12-10 02:55:05
1370,1457,Deloria,"Hawk, galapagos",2021-06-28 03:22:44
1371,1364,Marty,"Phalarope, red",2021-04-02 17:22:46
1372,1683,Edithe,"Squirrel, antelope ground",2021-08-08 11:55:48
1373,1774,Gram,"Rattlesnake, eastern diamondback",2021-05-27 07:18:24
1374,1094,Humphrey,Ring-tailed lemur,2021-05-19 11:38:11
1375,1415,Elberta,"Capuchin, brown",2021-09-11 11:56:57
1376,1471,Charmion,"Lark, horned",2021-07-09 12:00:58
1377,1541,Garwood,"Gazelle, grant's",2021-11-02 19:49:05
1378,1167,Ardra,Springbok,2021-03-03 21:11:02
1379,1105,Sadella,North American river otter,2021-02-22 10:09:29
1380,1654,Boycie,Malabar squirrel,2021-11-01 23:43:31
1381,1629,Hale,Sociable weaver,2021-07-09 08:19:23
1382,1303,Peirce,"Frogmouth, tawny",2021-09-09 06:08:01
1383,1456,Kara-lynn,Woylie,2021-03-25 16:51:13
1384,1247,Steve,"Cardinal, black-throated",2021-11-04 09:32:58
1385,1435,Umberto,Tayra,2021-04-01 22:21:24
1386,1504,Terza,"Albatross, galapagos",2021-10-20 00:58:42
1387,1253,Chandler,"Seal, harbor",2021-01-25 14:39:05
1388,1443,Helyn,Short-beaked echidna,2020-12-28 03:48:23
1389,1251,Juan,Emerald green tree boa,2020-12-18 01:02:45
1390,1361,Morena,"Zorro, common",2020-11-09 16:36:08
1391,1106,Isabel,"Booby, blue-faced",2021-05-23 06:43:29
1392,1613,Lonnard,Red howler monkey,2021-07-16 17:25:22
1393,1907,Normy,Bee-eater (unidentified),2021-02-08 02:23:57
1394,1207,Verge,Steenbok,2021-07-04 22:04:20
1395,1223,Codie,"Hawk-eagle, crowned",2021-04-04 16:34:50
1396,1375,Abbott,Golden-mantled ground squirrel,2021-08-15 12:51:02
1397,1223,Alicia,Richardson's ground squirrel,2021-05-13 19:46:02
1398,1635,Clary,Blue duck,2021-03-03 07:59:13
1399,1183,Averil,"Catfish, blue",2021-03-09 18:16:36
1400,1561,Myrtice,"Jackrabbit, white-tailed",2021-08-17 10:08:51
1401,1768,Rufus,Horned rattlesnake,2021-05-05 06:10:38
1402,1952,Templeton,Sun gazer,2021-03-12 04:52:17
1403,1019,Paulie,Western grey kangaroo,2021-11-07 01:06:14
1404,1872,Cointon,"Shark, blue",2021-07-20 05:45:48
1405,1177,Marcelo,Southern tamandua,2021-03-17 18:59:59
1406,1570,Alexio,Griffon vulture,2021-04-05 14:41:55
1407,1797,Alis,Four-spotted skimmer,2021-03-29 07:24:37
1408,1329,Eleonore,European wild cat,2021-09-27 13:13:12
1409,1656,Faulkner,"Snake, racer",2021-10-14 13:17:48
1410,1619,Winny,"Kite, black",2020-12-29 09:54:11
1411,1416,Hendrika,"Weaver, red-billed buffalo",2021-10-30 16:33:36
1412,1294,Tatiania,Blue catfish,2021-06-28 17:22:22
1413,1603,Ardys,Cape wild cat,2021-08-12 05:18:36
1414,1726,Sallyanne,"Nuthatch, red-breasted",2021-02-15 11:24:52
1415,1576,Ula,Yellow-billed stork,2021-05-10 06:46:55
1416,1791,Lindsey,Dusky gull,2021-05-30 20:15:26
1417,1646,Wenona,"Stork, jabiru",2021-04-12 13:35:08
1418,1395,Rhiamon,"Rhea, common",2020-12-16 00:04:27
1419,1842,Jeniffer,"Rat, arboral spiny",2021-09-22 03:23:13
1420,1307,Sherm,Fat-tailed dunnart,2020-11-18 01:17:40
1421,1788,Oberon,"Lion, south american sea",2020-11-14 15:52:14
1422,1135,Violetta,Pampa gray fox,2021-04-30 04:36:56
1423,1800,Katha,"Badger, european",2021-10-28 06:44:13
1424,1990,Odelinda,"Flamingo, lesser",2020-11-10 08:30:15
1425,1953,Terri,"Legaan, ground",2021-01-01 15:42:34
1426,1104,Blanch,"Owl, burrowing",2021-01-12 10:12:18
1427,1320,Blinny,"Barbet, crested",2021-05-20 00:58:00
1428,1453,Tripp,Tokay gecko,2021-02-22 10:09:34
1429,1376,Adena,"Shark, blue",2021-02-09 18:30:20
1430,1579,Salaidh,"Pelican, great white",2021-06-02 13:50:22
1431,1300,Letitia,Fork-tailed drongo,2021-10-25 19:09:03
1432,1128,Isaak,"Gonolek, burchell's",2021-03-24 07:16:02
1433,1391,Juditha,Black-tailed prairie dog,2021-03-28 05:44:20
1434,1077,Blakeley,"Turkey, wild",2021-09-23 11:22:27
1435,1304,Davis,Eurasian badger,2021-06-04 20:18:17
1436,1765,Gwyn,Honey badger,2021-05-13 04:04:54
1437,1153,Chen,"Wallaby, agile",2021-04-05 15:02:54
1438,1628,Lola,Jabiru stork,2021-05-20 06:07:01
1439,1089,Dorthy,Red-capped cardinal,2021-02-16 03:42:36
1440,1788,Susanna,Cormorant (unidentified),2021-04-17 00:51:18
1441,1943,Ezri,Black-throated cardinal,2021-03-03 03:34:53
1442,1919,Reynard,Small Indian mongoose,2021-05-11 03:51:28
1443,1962,Amelina,"Hyena, spotted",2021-04-19 22:49:59
1444,1403,Robinett,Asian water dragon,2021-10-28 04:48:55
1445,1929,Gardiner,Sulfur-crested cockatoo,2021-08-29 19:28:00
1446,1409,Chuck,Asian lion,2021-01-13 22:40:11
1447,1145,Otha,"Woodcock, american",2021-06-23 09:10:27
1448,1170,Murdoch,"Otter, canadian river",2021-04-01 19:17:03
1449,1050,Edeline,Swamp deer,2021-07-04 14:32:44
1450,1863,Gayler,Fat-tailed dunnart,2021-09-21 03:34:16
1451,1037,Boniface,Small-toothed palm civet,2020-11-22 07:00:09
1452,1493,Martina,"Badger, eurasian",2021-08-06 15:01:49
1453,1056,Harris,Bonnet macaque,2021-05-19 07:57:45
1454,1008,Laurice,Dabchick,2021-06-02 09:37:47
1455,1976,Burtie,Red-capped cardinal,2021-07-24 05:30:25
1456,1679,Michale,"Sandgrouse, yellow-throated",2020-11-20 09:18:30
1457,1436,Bald,"Egret, great",2020-12-25 02:42:17
1458,1752,Darda,"Cat, tiger",2021-04-22 03:21:14
1459,1990,Emmet,Gambel's quail,2021-02-02 22:31:14
1460,1257,Cynthy,"Mynah, indian",2021-04-16 00:16:51
1461,1001,Bay,"Corella, long-billed",2021-10-21 07:29:16
1462,1991,Bab,"Egret, cattle",2021-03-05 08:54:41
1463,1849,Anderson,Pale white-eye,2020-11-17 00:44:29
1464,1313,Flinn,"Dunnart, fat-tailed",2021-09-28 20:15:28
1465,1948,Jelene,"Cormorant, great",2021-08-19 10:42:54
1466,1938,Daryl,Killer whale,2021-06-16 13:29:43
1467,1546,Warden,Eastern dwarf mongoose,2021-01-21 13:27:07
1468,1641,Lara,Knob-nosed goose,2020-11-25 20:38:10
1469,1292,Elsey,"Mongoose, yellow",2021-06-07 16:17:01
1470,1202,Bjorn,White-nosed coatimundi,2021-03-31 05:17:36
1471,1900,Englebert,Barrows goldeneye,2021-08-06 04:41:07
1472,1140,Annadiane,"Beaver, eurasian",2021-08-09 10:36:10
1473,1127,Meaghan,"Wolf, common",2021-07-09 11:22:55
1474,1126,Ediva,Blue-faced booby,2021-10-25 04:17:41
1475,1004,Karel,"Heron, goliath",2021-02-16 08:46:27
1476,1375,Keely,Bennett's wallaby,2021-06-01 13:23:04
1477,1422,Jessie,Pacific gull,2021-05-16 18:19:52
1478,1696,Gertruda,Galapagos dove,2021-05-12 00:44:30
1479,1651,Hallsy,"Pigeon, wood",2021-06-21 15:06:37
1480,1646,Artemus,"Wapiti, elk,",2021-02-17 00:37:27
1481,1588,Veriee,Kirk's dik dik,2021-10-02 07:29:13
1482,1308,Adda,"Cockatoo, sulfur-crested",2021-11-05 00:36:07
1483,1051,Cyndie,Eastern grey kangaroo,2021-10-22 04:47:04
1484,1805,Pollyanna,"Langur, hanuman",2021-05-26 23:36:12
1485,1160,Tori,Huron,2021-09-12 18:50:55
1486,1781,Jessica,Crested screamer,2020-12-05 22:41:52
1487,1855,Tobit,Griffon vulture,2021-05-21 08:26:11
1488,1609,Bridget,Glossy ibis,2021-02-16 03:53:53
1489,1094,Xylina,Common wolf,2021-04-21 16:06:35
1490,1923,Stephanus,"Deer, red",2021-08-06 05:36:37
1491,1243,Shane,King vulture,2021-06-06 09:11:11
1492,1431,Romeo,White-nosed coatimundi,2021-03-20 04:28:00
1493,1222,Dexter,"Iguana, common green",2021-05-29 09:29:51
1494,1169,Nowell,"Kangaroo, red",2020-11-11 05:49:30
1495,1224,Gusty,"Coatimundi, white-nosed",2020-12-28 18:54:18
1496,1985,Tildy,Common waterbuck,2021-09-11 19:03:05
1497,1593,Teodora,"Shrike, crimson-breasted",2021-04-12 04:45:11
1498,1901,Mavra,"Kookaburra, laughing",2021-04-24 20:09:16
1499,1559,Ludovika,Malleefowl,2021-06-18 18:04:18
1500,1239,Anet,"Eagle, crowned",2021-02-27 19:38:12
1501,1607,Shawn,Kirk's dik dik,2020-11-08 16:32:12
1502,1317,Francklyn,African clawless otter,2020-12-21 19:14:05
1503,1422,Elset,"Rhinoceros, black",2021-05-16 10:11:52
1504,1498,Noami,"Cormorant, flightless",2021-10-04 16:29:04
1505,1860,Millicent,Hippopotamus,2021-02-21 13:24:33
1506,1955,Zorah,Jaguar,2021-05-21 20:13:15
1507,1991,Emelen,"Possum, western pygmy",2021-05-23 23:12:46
1508,1731,Scott,"Rhinoceros, black",2021-03-22 21:18:16
1509,1431,Lukas,"Polecat, african",2021-07-08 19:13:13
1510,1809,Biron,"Stork, marabou",2021-05-06 06:13:34
1511,1661,Clark,House crow,2020-11-18 01:11:24
1512,1360,Minnnie,"Monitor, two-banded",2021-01-23 13:43:16
1513,1157,Tomi,"Puma, south american",2021-09-03 07:02:21
1514,1870,Fran,"Eagle, bald",2021-09-16 21:20:47
1515,1921,Brannon,"Flamingo, roseat",2021-03-21 10:27:47
1516,1756,Demetri,Blue fox,2021-04-02 09:40:42
1517,1681,Nat,Brown pelican,2021-08-13 15:23:53
1518,1417,Merilyn,Long-crested hawk eagle,2021-05-20 05:48:37
1519,1428,Dottie,Common zorro,2021-01-20 01:51:09
1520,1758,Gannie,Black-crowned night heron,2021-03-19 13:53:00
1521,1954,Sondra,Violet-eared waxbill,2021-01-13 12:18:38
1522,1733,Holly,"Squirrel, pine",2021-05-01 15:44:51
1523,1015,Granger,"Eagle, bald",2021-01-13 08:51:08
1524,1094,Sanderson,"Skua, long-tailed",2021-02-26 07:10:32
1525,1180,Ashlee,European shelduck,2021-10-31 21:17:13
1526,1326,Jennie,Southern brown bandicoot,2021-07-01 09:48:18
1527,1657,Alvie,"Fox, asian red",2021-11-06 22:41:42
1528,1660,Grete,North American porcupine,2021-09-18 06:33:55
1529,1471,Gasparo,African lynx,2021-04-23 10:14:16
1530,1458,Tyne,"Gull, dusky",2021-03-26 19:01:00
1531,1192,Anallise,"Lizard, frilled",2021-07-02 15:28:37
1532,1393,Brook,Australian pelican,2021-07-16 16:19:43
1533,1528,Krissy,"Otter, north american river",2021-06-16 06:55:03
1534,1106,Florinda,"Cockatoo, sulfur-crested",2021-03-18 09:48:39
1535,1855,August,Dassie,2021-04-15 02:17:32
1536,1807,Murielle,"Dragon, frilled",2021-08-15 17:21:31
1537,1473,Brady,Red-necked wallaby,2021-01-29 11:27:29
1538,1261,Lynn,Tropical buckeye butterfly,2021-05-06 03:05:27
1539,1509,Gretal,"Duck, comb",2021-01-12 03:44:40
1540,1540,Almira,Savannah deer (unidentified),2021-05-30 00:38:22
1541,1631,Gavin,Black-necked stork,2021-02-25 14:44:23
1542,1373,Jamill,Greater flamingo,2021-09-04 11:27:02
1543,1396,Avril,White-rumped vulture,2021-08-06 01:17:02
1544,1735,Izabel,Squirrel glider,2020-11-11 11:54:41
1545,1696,Jason,"Snake, carpet",2020-12-27 08:23:54
1546,1433,Estelle,Wild turkey,2021-01-27 01:06:51
1547,1351,Roderick,"Lion, mountain",2021-06-09 07:13:55
1548,1362,Adriano,"Tortoise, indian star",2020-11-19 22:27:05
1549,1715,Corny,Cormorant (unidentified),2021-03-16 06:58:36
1550,1342,Chrisy,Great horned owl,2021-09-04 05:30:42
1551,1158,Waverley,"Openbill, asian",2021-03-17 11:44:45
1552,1907,Pauletta,Margay,2021-08-08 22:24:07
1553,1549,Verena,Uinta ground squirrel,2021-06-07 01:02:36
1554,1185,Dulsea,"Pigeon, feral rock",2021-04-22 10:02:28
1555,1674,Pancho,Grey fox,2021-04-26 06:34:08
1556,1861,Camilla,Sloth bear,2021-01-13 04:08:37
1557,1191,Lydie,Sacred ibis,2021-06-23 12:15:28
1558,1092,Georgette,"Cat, long-tailed spotted",2021-10-05 18:01:06
1559,1335,Deerdre,"Fox, asian red",2020-11-10 09:17:05
1560,1739,Laurens,Tiger cat,2021-10-16 01:48:34
1561,1643,Lorenzo,"Reedbuck, bohor",2021-11-03 02:11:56
1562,1096,Adams,"Hornbill, red-billed",2021-06-19 04:42:00
1563,1084,Tomasina,"Dik, kirk's dik",2021-07-21 11:12:03
1564,1094,Jaquenetta,"Sheep, red",2020-11-08 16:19:23
1565,1806,Humberto,Trumpeter swan,2021-09-02 14:59:05
1566,1223,Dawn,"Constrictor, eastern boa",2021-08-14 03:06:49
1567,1909,Gertrud,Woodchuck,2021-05-06 01:02:58
1568,1001,Karlene,"Boubou, southern",2021-10-17 16:16:42
1569,1629,Trixy,Black bear,2021-06-25 00:00:41
1570,1462,Brunhilde,"Lion, african",2021-09-29 20:14:01
1571,1157,Gordie,"Wallaby, euro",2021-06-17 18:05:37
1572,1839,Courtney,"Shrike, common boubou",2021-05-03 01:49:11
1573,1253,Jeremias,"Squirrel, malabar",2021-03-31 11:11:51
1574,1197,Carlina,Yellow baboon,2021-07-06 14:10:36
1575,1689,Albertine,Azara's zorro,2020-12-30 17:30:01
1576,1430,Derby,"Fox, savanna",2021-06-23 08:12:06
1577,1212,Fons,Crested screamer,2021-02-15 12:15:37
1578,1456,Emlen,Blue peacock,2020-11-17 13:35:45
1579,1378,Xymenes,"Langur, gray",2021-05-08 17:29:35
1580,1964,Druci,"Ringtail, common",2021-04-30 19:09:12
1581,1937,Garth,"Creeper, black-tailed tree",2021-07-07 12:08:26
1582,1374,Torrey,"Stork, jabiru",2021-02-11 03:12:35
1583,1593,Kit,Coqui partridge,2020-11-26 14:51:37
1584,1098,Ada,Red deer,2021-02-26 08:02:15
1585,1721,Tina,Spectacled caiman,2021-09-16 23:15:31
1586,1947,Riley,"Sheep, stone",2021-01-12 10:22:43
1587,1972,Bengt,Seven-banded armadillo,2021-01-25 06:48:22
1588,1179,Beryl,Springhare,2021-05-27 16:42:08
1589,1592,Malina,White-winged black tern,2021-07-06 04:46:48
1590,1540,Enos,Agama lizard (unidentified),2020-11-26 14:37:45
1591,1804,Almire,"Gull, lava",2021-08-29 10:48:04
1592,1854,Kingston,"Moorhen, purple",2021-03-02 06:28:04
1593,1156,Raymund,King vulture,2021-02-20 09:59:51
1594,1456,Abbot,Australian brush turkey,2021-08-16 15:44:45
1595,1777,Jeno,"Porcupine, north american",2021-02-08 23:27:27
1596,1576,Welby,"Cobra, cape",2021-04-15 17:24:00
1597,1609,Ulric,"Flamingo, lesser",2021-01-20 05:00:51
1598,1143,Emmey,"Skunk, western spotted",2021-04-30 09:02:43
1599,1877,Clo,"Roller, lilac-breasted",2021-01-10 02:22:50
1600,1681,Mona,White-fronted bee-eater,2021-09-23 21:23:43
1601,1952,Clementius,House crow,2021-07-04 18:05:03
1602,1428,Karola,Southern black-backed gull,2021-09-28 07:11:45
1603,1160,Cosette,"Starling, greater blue-eared",2021-09-02 17:38:58
1604,1259,Mordy,Mexican boa,2021-01-25 13:35:55
1605,1510,Cortney,"Whale, southern right",2021-02-18 13:13:28
1606,1028,Hannis,"Barbet, crested",2020-11-11 07:04:02
1607,1260,Dar,"Goose, egyptian",2021-06-02 15:19:13
1608,1971,Bonnee,"Fox, silver-backed",2021-08-06 16:43:22
1609,1619,Bone,"Deer, mule",2021-06-06 18:49:56
1610,1464,Alleen,"Kite, black",2021-06-15 04:09:10
1611,1916,Osborn,"Lizard, blue-tongued",2021-01-09 10:38:35
1612,1495,Nero,"Cardinal, red-capped",2021-09-30 14:23:08
1613,1633,Brok,Madagascar hawk owl,2020-12-24 18:25:00
1614,1843,Trudie,"Cockatoo, red-tailed",2021-11-07 10:54:06
1615,1396,Hort,White-faced tree rat,2021-04-21 15:40:06
1616,1428,Barth,"Cat, long-tailed spotted",2021-09-16 11:42:54
1617,1465,Loralee,Yellow-bellied marmot,2021-04-09 02:19:12
1618,1448,Umeko,Malabar squirrel,2021-08-01 11:40:49
1619,1126,Joseito,Fat-tailed dunnart,2021-05-08 05:17:30
1620,1973,Berry,"Cat, ringtail",2021-05-06 23:46:32
1621,1414,Talya,Bee-eater (unidentified),2021-04-05 07:08:40
1622,1338,Jory,Common turkey,2021-03-02 08:12:23
1623,1477,Sonia,"Lemur, sportive",2021-05-31 07:44:44
1624,1576,Neal,Defassa waterbuck,2021-04-13 07:11:29
1625,1977,Wiley,Peregrine falcon,2021-07-21 02:07:33
1626,1237,Gordie,"Duiker, gray",2021-05-24 00:01:06
1627,1755,Helenka,Brown pelican,2021-09-02 13:12:51
1628,1962,Starlene,"Lemming, collared",2021-10-07 20:52:39
1629,1552,Kelby,Blue wildebeest,2021-08-15 22:10:45
1630,1030,Elisa,Hudsonian godwit,2021-08-14 21:28:40
1631,1211,Simon,"Cat, long-tailed spotted",2021-01-30 04:27:26
1632,1449,Stanislaw,"Cormorant, little",2021-01-09 02:49:25
1633,1051,Daryle,"Heron, green-backed",2021-10-11 02:15:39
1634,1108,Jerrie,African skink,2021-05-09 05:34:57
1635,1142,Rupert,"Seal, common",2021-03-30 17:56:27
1636,1731,Felice,Butterfly (unidentified),2021-09-19 19:20:33
1637,1119,Rhiamon,Sulfur-crested cockatoo,2021-02-01 20:53:09
1638,1255,Aldrich,Tyrant flycatcher,2021-04-20 14:32:13
1639,1439,Philippine,Sulfur-crested cockatoo,2020-12-25 12:05:47
1640,1865,Gael,"Fowl, helmeted guinea",2021-10-19 02:01:12
1641,1977,Chuck,Jaguar,2021-04-20 11:39:36
1642,1808,Dara,"Raven, white-necked",2020-11-24 06:56:02
1643,1804,Roslyn,Steller's sea lion,2021-06-28 04:39:43
1644,1340,Masha,Australian magpie,2021-05-19 08:26:06
1645,1960,Dick,"Jacana, african",2021-08-07 14:52:11
1646,1579,Dorelle,"Squirrel, nelson ground",2020-11-26 18:10:00
1647,1086,Dagny,"Cat, jungle",2021-02-04 06:42:46
1648,1569,Carlee,"Bird, black-throated butcher",2020-12-02 19:57:06
1649,1157,Dot,Pampa gray fox,2021-09-23 01:37:42
1650,1198,Garrett,"Starling, red-shouldered glossy",2021-11-05 09:35:50
1651,1811,Freda,"Kangaroo, black-faced",2021-04-12 05:59:18
1652,1539,Rozamond,"Grenadier, common",2021-09-20 05:06:30
1653,1069,Michaeline,"Gecko, bent-toed",2021-03-02 19:13:55
1654,1986,Malchy,Burchell's gonolek,2021-07-23 15:03:15
1655,1722,Ivor,Neotropic cormorant,2021-08-11 14:00:07
1656,1754,Elnora,Mudskipper (unidentified),2021-02-21 16:04:59
1657,1563,Janette,North American river otter,2021-03-22 15:20:15
1658,1687,Dell,"Caiman, spectacled",2021-02-23 10:17:38
1659,1867,Melesa,Mallard,2020-12-28 03:42:15
1660,1726,Calla,Blue and gold macaw,2021-03-22 06:56:33
1661,1873,Mikael,"Cobra, cape",2021-09-17 14:03:34
1662,1201,Alicea,Cormorant (unidentified),2021-04-20 19:50:08
1663,1023,Farr,Western pygmy possum,2021-09-07 13:18:11
1664,1352,Agnola,Indian porcupine,2021-04-03 17:30:55
1665,1829,Adaline,"Siskin, yellow-rumped",2021-10-24 12:55:18
1666,1442,Orelia,Asian foreset tortoise,2021-08-10 23:00:13
1667,1017,Madelaine,"Pie, rufous tree",2021-07-08 07:25:52
1668,1268,Susannah,"Bear, polar",2021-09-23 04:49:19
1669,1228,Auria,Killer whale,2021-04-11 03:03:01
1670,1100,Jaynell,Roan antelope,2021-01-27 00:47:58
1671,1376,Neville,Snowy egret,2021-07-24 07:26:16
1672,1852,Bonnie,"Wallaroo, common",2021-06-11 04:27:55
1673,1579,Jacki,"Tinamou, elegant crested",2021-11-01 04:55:09
1674,1273,Hanna,Mallard,2020-11-23 21:16:44
1675,1959,Silvester,"Goat, mountain",2021-03-03 01:36:55
1676,1205,Keane,White-winged tern,2021-02-05 15:21:56
1677,1422,Reggie,"Rhinoceros, white",2021-09-21 12:30:30
1678,1818,Cherri,"Skua, great",2021-11-06 04:30:38
1679,1887,Emmanuel,"Bleu, red-cheeked cordon",2020-12-08 09:01:14
1680,1972,Valaria,Red-billed hornbill,2021-10-16 06:10:05
1681,1781,Joshuah,Long-tailed spotted cat,2021-03-23 00:23:19
1682,1478,Dorelle,Red sheep,2021-06-04 18:14:30
1683,1616,Lenka,"Quoll, spotted-tailed",2020-11-18 16:10:27
1684,1238,Petunia,Malachite kingfisher,2021-01-31 21:21:47
1685,1978,Farrand,"Owl, snowy",2021-08-31 12:39:31
1686,1570,Devan,Pygmy possum,2021-04-06 17:32:32
1687,1111,Hillery,African polecat,2021-07-30 04:03:18
1688,1754,Rick,"Goose, egyptian",2021-04-17 01:38:16
1689,1828,Red,Tarantula,2021-01-21 21:28:49
1690,1353,Lanny,"Catfish, blue",2021-08-27 08:37:23
1691,1951,Hilary,Reindeer,2020-12-25 14:24:19
1692,1086,Alaine,"Skua, great",2021-11-06 06:59:11
1693,1326,Codi,"Godwit, hudsonian",2021-05-13 00:50:45
1694,1356,Mackenzie,"Wallaby, agile",2021-02-21 15:23:12
1695,1703,Walliw,Argalis,2021-01-05 01:02:29
1696,1620,Franky,"Boa, mexican",2021-08-14 07:22:56
1697,1633,Leroi,Pied avocet,2020-12-23 07:27:24
1698,1286,Nanon,"Gnu, brindled",2021-06-12 13:51:15
1699,1996,Mikol,"Deer, savannah",2021-05-18 10:31:57
1700,1545,Scot,Eastern cottontail rabbit,2021-08-12 20:54:22
1701,1082,Care,"Porcupine, crested",2021-07-22 16:08:10
1702,1730,Neila,Bush dog,2021-03-07 04:25:46
1703,1564,Wadsworth,"Bulbul, african red-eyed",2020-11-24 15:28:43
1704,1723,Costa,Oribi,2020-12-10 13:39:50
1705,1137,Reginald,"Iguana, land",2020-12-30 11:24:50
1706,1592,Rafe,Black rhinoceros,2021-05-11 02:16:09
1707,1064,Che,"Bulbul, black-eyed",2020-11-20 03:12:40
1708,1925,Gaelan,Tarantula,2021-03-12 15:07:21
1709,1068,Killie,"Whale, long-finned pilot",2021-02-09 03:23:12
1710,1496,Armando,Chacma baboon,2021-02-15 13:44:56
1711,1703,Nelson,Mara,2021-03-07 19:39:01
1712,1345,Noe,Great cormorant,2021-08-10 04:02:33
1713,1063,Tabby,Boat-billed heron,2021-07-10 04:56:28
1714,1425,Skip,"Turtle, long-necked",2021-10-15 21:51:38
1715,1621,Nettie,Ground legaan,2021-02-24 08:44:46
1716,1748,Pen,"Rattlesnake, eastern diamondback",2021-02-22 19:48:43
1717,1564,Katharine,"Curlew, black",2021-04-17 19:45:19
1718,1229,Karin,Grey lourie,2021-05-26 07:49:10
1719,1107,Verne,"Bulbul, black-eyed",2020-11-21 11:45:36
1720,1235,Ashleigh,Racer snake,2021-10-05 02:38:35
1721,1752,Ilka,Savanna fox,2021-02-28 17:42:30
1722,1439,Happy,Burmese black mountain tortoise,2021-09-21 23:41:38
1723,1319,Camel,Bottle-nose dolphin,2021-07-30 12:25:20
1724,1456,Denni,Lesser masked weaver,2020-12-26 19:04:08
1725,1530,Joycelin,"Sheep, stone",2020-11-22 08:32:40
1726,1917,Issiah,Salmon pink bird eater tarantula,2021-01-25 21:44:18
1727,1361,Alister,Oribi,2021-01-01 00:25:46
1728,1066,Karola,Radiated tortoise,2020-12-01 16:08:27
1729,1122,Rozalin,"Heron, little",2021-03-06 23:19:23
1730,1539,Rubie,"Gazer, sun",2021-06-02 06:24:42
1731,1619,Christos,Mountain goat,2020-11-12 21:22:46
1732,1546,Rivalee,"Lorikeet, scaly-breasted",2021-05-08 10:39:30
1733,1334,Jackquelin,Fork-tailed drongo,2021-03-05 17:28:07
1734,1511,Isa,"Sheep, red",2021-06-07 08:04:09
1735,1371,Bond,White-tailed jackrabbit,2020-11-14 11:53:08
1736,1524,Clo,"Beaver, european",2021-01-11 18:22:49
1737,1259,Danit,"Badger, honey",2020-12-02 22:44:46
1738,1880,Ignazio,"Ringtail, common",2021-10-27 07:51:04
1739,1972,Amery,"Spoonbill, white",2021-05-14 16:47:42
1740,1846,Michaela,Crab-eating fox,2021-09-28 18:23:46
1741,1917,Kaile,Crested bunting,2020-12-06 21:24:18
1742,1892,Rani,"Hawk, ferruginous",2021-10-07 04:01:54
1743,1072,Cly,Common duiker,2021-02-11 17:45:17
1744,1822,Bail,"Waterbuck, common",2020-12-04 12:59:14
1745,1490,Grannie,Red-tailed hawk,2020-11-23 12:56:16
1746,1089,Sharai,Spotted wood sandpiper,2021-05-12 19:25:06
1747,1645,Jamima,Rock dove,2021-06-11 18:18:04
1748,1675,Mindy,Green vine snake,2021-09-28 11:15:32
1749,1650,Brandea,Southern black-backed gull,2021-01-04 07:47:36
1750,1784,Nicolai,Common pheasant,2020-11-23 04:28:07
1751,1117,Ross,"Phalarope, grey",2021-01-07 07:48:03
1752,1647,Corbett,Great egret,2021-06-30 19:57:04
1753,1777,Hallsy,Australian brush turkey,2020-12-19 10:56:01
1754,1682,Daven,Greater blue-eared starling,2021-03-20 22:10:55
1755,1583,Carmelle,Fringe-eared oryx,2021-04-09 18:46:27
1756,1409,Linet,"Lion, steller's sea",2021-10-18 13:35:22
1757,1411,Celeste,"Pintail, white-cheeked",2021-05-31 03:15:18
1758,1426,Jaynell,African lynx,2021-07-27 21:36:50
1759,1109,Killie,Black rhinoceros,2021-01-10 21:09:09
1760,1563,Billye,"Waterbuck, defassa",2021-01-05 23:44:41
1761,1273,Charyl,"Porcupine, crested",2021-01-23 14:47:42
1762,1716,Avril,Egyptian vulture,2020-12-29 09:24:56
1763,1517,Estelle,"Anteater, australian spiny",2021-07-11 11:43:29
1764,1804,Saudra,African clawless otter,2020-11-27 01:02:46
1765,1139,Laurette,"Eagle, golden",2021-08-21 12:33:03
1766,1688,Adolpho,Chuckwalla,2021-04-25 12:22:25
1767,1860,Taber,Arboral spiny rat,2021-05-04 15:56:45
1768,1637,Jacklin,"Wallaby, tammar",2021-08-08 15:46:47
1769,1524,Levi,Small-spotted genet,2021-01-30 17:51:19
1770,1919,Lotte,"Loris, slender",2021-08-14 06:47:51
1771,1348,Dorothy,"Oystercatcher, blackish",2021-07-18 18:21:06
1772,1662,Sofie,Mountain lion,2021-02-22 04:57:28
1773,1607,Babs,"Hawk, galapagos",2020-11-13 23:47:00
1774,1714,Laird,"Kangaroo, black-faced",2021-10-01 21:01:23
1775,1829,Jarid,Hippopotamus,2021-07-03 03:47:40
1776,1216,Wallis,Grizzly bear,2021-07-29 17:18:13
1777,1466,Carolin,"Wallaby, dama",2021-05-15 03:29:28
1778,1831,Ginevra,"Zorro, common",2021-01-28 21:54:19
1779,1242,Kathryne,Asian red fox,2021-04-18 09:38:14
1780,1100,Harwilll,"Owl, white-browed",2021-06-17 09:17:29
1781,1365,Dukey,Suricate,2021-01-08 23:39:23
1782,1131,Melosa,"Sheep, red",2020-12-16 11:09:02
1783,1115,Gavra,"Rhea, greater",2021-09-01 03:01:44
1784,1657,Anet,"Buffalo, asian water",2021-07-03 02:40:35
1785,1962,Dede,Miner's cat,2021-08-09 02:20:31
1786,1964,Godard,Southern screamer,2021-09-20 03:32:12
1787,1192,Tobin,"Skua, long-tailed",2021-08-09 07:08:51
1788,1690,Everard,Western bearded dragon,2021-05-21 04:59:30
1789,1890,Alwyn,Fairy penguin,2021-02-09 22:01:42
1790,1208,Sherrie,"Dolphin, striped",2021-09-03 06:42:33
1791,1150,Olin,Bengal vulture,2021-02-03 12:35:37
1792,1081,Malena,Mandras tree shrew,2021-05-15 09:59:07
1793,1492,Ann,Bonnet macaque,2021-10-01 15:17:56
1794,1479,Valeda,Pale-throated three-toed sloth,2021-05-16 22:51:31
1795,1737,Tierney,Boat-billed heron,2021-09-02 11:50:15
1796,1138,Adolpho,"Squirrel, antelope ground",2021-08-05 05:21:29
1797,1201,Tyson,"Gazelle, grant's",2021-07-31 08:06:13
1798,1112,Lena,"Weaver, white-browed sparrow",2021-03-27 00:06:42
1799,1277,Huey,Steenbuck,2021-09-08 21:46:15
1800,1758,Doyle,Common genet,2021-01-10 11:23:08
1801,1033,Paula,Civet (unidentified),2020-11-10 22:26:55
1802,1372,Alina,Greater roadrunner,2021-01-15 07:47:02
1803,1701,Xaviera,"Eagle, crowned",2021-10-01 01:46:50
1804,1167,Cecile,Whip-tailed wallaby,2021-06-17 03:36:38
1805,1328,Lorraine,Red kangaroo,2021-02-22 03:17:27
1806,1330,Lion,Black-tailed deer,2020-12-10 13:38:09
1807,1475,Cecil,"Hartebeest, coke's",2021-06-15 07:48:33
1808,1004,Sheba,"Fox, cape",2021-09-02 20:03:25
1809,1366,Yul,"Skunk, western spotted",2021-10-22 21:39:11
1810,1861,Zelda,"Squirrel, smith's bush",2021-08-05 04:03:38
1811,1631,Sibeal,"Bulbul, black-fronted",2020-12-19 02:06:15
1812,1345,Leif,American buffalo,2020-11-12 11:17:20
1813,1588,Lula,"Beaver, european",2021-10-07 21:55:22
1814,1553,Allissa,"Otter, giant",2021-02-24 23:25:25
1815,1252,Alastair,Ringtail cat,2021-01-11 16:18:18
1816,1522,Kimmy,Blackbuck,2021-11-05 10:15:57
1817,1962,Nickolai,Bobcat,2020-12-28 20:12:25
1818,1665,Mechelle,"Pelican, brown",2021-01-28 10:34:14
1819,1738,Evita,Old world fruit bat (unidentified),2021-06-15 17:31:55
1820,1518,Reginald,House crow,2021-10-17 23:56:03
1821,1816,Edwina,Nyala,2021-07-14 11:53:10
1822,1522,Daffie,"Shrike, common boubou",2021-02-21 01:33:48
1823,1257,Aidan,"Squirrel, malabar",2021-01-03 14:22:22
1824,1070,Rustie,Nubian bee-eater,2020-12-12 13:32:25
1825,1624,Adena,"Tortoise, galapagos",2021-01-23 13:49:42
1826,1616,Judd,Little brown dove,2021-01-02 06:03:43
1827,1530,Ami,"Cat, ringtail",2021-06-20 07:55:32
1828,1607,Lucita,"Crake, african black",2021-08-12 18:58:49
1829,1219,Skell,Lesser masked weaver,2021-03-09 04:02:54
1830,1465,Haily,Western pygmy possum,2021-09-15 16:09:34
1831,1136,Ruthy,"Nuthatch, red-breasted",2021-08-13 19:12:15
1832,1164,Aggy,"Finch, common melba",2021-03-12 16:29:11
1833,1411,Cassy,"Lemur, brown",2021-02-08 15:26:35
1834,1293,Palmer,"Shrike, common boubou",2020-12-17 23:52:45
1835,1277,Huey,Roe deer,2021-04-17 18:25:18
1836,1860,Emanuel,"Squirrel, arctic ground",2021-11-04 14:01:13
1837,1742,Nolie,Greater kudu,2020-11-23 05:18:19
1838,1743,Aurlie,Long-finned pilot whale,2021-09-05 11:33:26
1839,1333,Ralph,"Squirrel, grey-footed",2021-10-22 14:14:19
1840,1856,Evey,Blue-faced booby,2020-12-24 23:45:32
1841,1077,Baxter,"Rattlesnake, horned",2021-10-03 15:20:39
1842,1046,Vinni,Ring-necked pheasant,2021-11-06 01:28:47
1843,1052,Gillian,Savanna baboon,2021-08-29 20:34:42
1844,1981,Rosalyn,Southern tamandua,2021-06-24 12:47:18
1845,1622,Terence,Fairy penguin,2021-08-23 00:17:05
1846,1424,Fiona,Pied crow,2021-10-29 09:53:25
1847,1755,Jillayne,"Lemming, collared",2020-12-04 04:47:11
1848,1099,Diena,Southern ground hornbill,2021-03-26 07:04:39
1849,1483,Jayson,"Lorikeet, scaly-breasted",2021-01-22 06:00:05
1850,1621,Dukey,"Marshbird, brown and yellow",2021-09-28 10:50:14
1851,1567,Ophelie,"Armadillo, giant",2020-12-19 15:52:23
1852,1547,Bennie,"Squirrel, african bush",2021-03-06 14:08:07
1853,1956,Marrissa,"Egret, great",2021-10-15 06:57:54
1854,1311,Luisa,"Lechwe, kafue flats",2021-10-05 05:43:05
1855,1726,Gradeigh,White-tailed jackrabbit,2021-04-29 06:56:36
1856,1078,Davidde,Greater roadrunner,2020-12-21 05:08:06
1857,1767,Clemmie,"Glider, feathertail",2021-03-24 16:40:29
1858,1101,Tarrah,Small-spotted genet,2021-02-04 03:38:02
1859,1788,Zollie,Cape white-eye,2021-02-15 17:45:36
1860,1661,Hanson,"Wallaby, bennett's",2021-03-16 02:08:54
1861,1751,Shanda,Mexican beaded lizard,2021-08-14 06:58:28
1862,1448,Helge,Barking gecko,2021-10-02 21:30:16
1863,1206,Arel,Paddy heron (unidentified),2021-10-27 14:25:28
1864,1076,Jake,Large cormorant,2021-01-26 08:01:10
1865,1266,Kenna,Puna ibis,2020-11-16 22:37:08
1866,1156,Joleen,Red-knobbed coot,2021-07-31 23:25:16
1867,1265,Trenton,"Booby, blue-footed",2020-12-05 01:54:49
1868,1313,Alyson,Grey-footed squirrel,2021-09-28 10:38:47
1869,1031,Finn,Malay squirrel (unidentified),2021-08-21 16:12:00
1870,1428,Jobie,Little brown bat,2021-08-14 06:37:19
1871,1722,Robena,"Swan, trumpeter",2021-03-16 07:12:13
1872,1466,Cristi,"Cliffchat, mocking",2020-11-29 21:55:19
1873,1773,Zack,"Francolin, swainson's",2021-10-23 03:02:19
1874,1399,Wallis,"Beaver, european",2021-03-05 14:38:03
1875,1306,Nester,"Mongoose, banded",2021-09-29 21:55:43
1876,1820,Katee,"Boa, emerald green tree",2021-11-07 05:21:01
1877,1686,Marline,"Shelduck, common",2021-07-18 17:19:15
1878,1388,Loralie,Crimson-breasted shrike,2021-06-07 04:12:24
1879,1486,Patricio,Asian false vampire bat,2021-05-05 03:03:07
1880,1592,Jimmy,"Legaan, water",2021-06-12 08:20:31
1881,1780,Moe,Short-nosed bandicoot,2021-08-23 00:11:17
1882,1342,Gabrielle,Lesser mouse lemur,2021-07-24 11:50:01
1883,1153,Riccardo,Greylag goose,2021-10-08 23:22:34
1884,1555,Britni,"Darter, african",2021-08-05 00:52:33
1885,1236,Alard,Bontebok,2021-05-27 00:26:03
1886,1652,Auroora,"Starling, red-shouldered glossy",2021-07-03 14:42:33
1887,1695,Moyra,"Robin, white-throated",2020-11-10 12:40:39
1888,1082,Jamal,Kori bustard,2021-08-29 09:48:54
1889,1101,Berkeley,"Snake, green vine",2021-04-07 20:32:36
1890,1837,Iago,"Siskin, yellow-rumped",2021-10-08 17:39:02
1891,1376,Urbano,"Dove, galapagos",2021-07-04 16:07:54
1892,1524,Roana,Roan antelope,2021-05-17 12:12:55
1893,1103,Willey,"Screamer, southern",2021-03-16 07:38:13
1894,1570,Edan,Frog (unidentified),2021-03-28 10:22:29
1895,1069,Gherardo,Red-knobbed coot,2021-03-19 07:30:40
1896,1998,Ursala,"Robin, white-throated",2021-07-17 20:19:16
1897,1691,Fleming,"Coot, red-knobbed",2020-12-01 19:27:18
1898,1845,Flore,Black-capped chickadee,2021-05-16 06:36:38
1899,1539,Osgood,"Squirrel, richardson's ground",2021-10-22 16:38:14
1900,1066,Catherine,Goliath heron,2021-07-23 05:54:05
1901,1968,Lelia,Raccoon dog,2021-10-30 21:58:40
1902,1036,Catherin,Emerald-spotted wood dove,2021-04-17 05:51:04
1903,1148,Bradford,"Puma, south american",2021-06-10 11:21:01
1904,1915,Vilma,"Stork, jabiru",2021-11-01 20:23:56
1905,1672,Verile,Roseat flamingo,2021-04-02 11:43:37
1906,1695,Isak,Chimpanzee,2021-04-14 16:28:56
1907,1953,Cordi,Crowned hawk-eagle,2021-07-08 05:18:51
1908,1348,Danita,"Rhea, greater",2020-12-19 00:05:23
1909,1332,Mylo,Grant's gazelle,2021-09-16 22:20:33
1910,1508,Madonna,Anaconda (unidentified),2021-08-03 19:40:10
1911,1843,Hasty,White-browed owl,2021-01-02 07:51:16
1912,1216,Warner,"Whale, killer",2021-06-11 01:34:04
1913,1794,Brocky,Four-spotted skimmer,2021-02-28 15:33:17
1914,1261,Carilyn,Horned puffin,2020-11-18 00:50:11
1915,1723,Otho,Javan gold-spotted mongoose,2020-12-15 15:44:38
1916,1276,Sim,"Robin, white-throated",2021-08-18 02:24:27
1917,1884,Bogey,"Opossum, american virginia",2021-10-11 23:38:53
1918,1325,Hortensia,Blue-tongued lizard,2021-08-06 21:21:03
1919,1203,Becca,Pygmy possum,2020-12-20 15:00:19
1920,1496,Walliw,Indian giant squirrel,2021-07-12 08:17:35
1921,1716,Bidget,Two-toed tree sloth,2020-11-17 02:42:02
1922,1302,Giorgio,Green heron,2021-10-01 22:03:07
1923,1312,Bree,"Parakeet, rose-ringed",2021-02-05 17:58:54
1924,1581,Caryl,Nile crocodile,2021-10-27 10:05:32
1925,1964,Rich,"Cockatoo, red-tailed",2021-05-24 18:23:35
1926,1630,Cosme,Red squirrel,2021-06-14 16:30:28
1927,1976,Alfy,Spotted hyena,2021-10-21 23:46:07
1928,1378,Ferd,"Butterfly, canadian tiger swallowtail",2021-04-12 16:21:29
1929,1739,Atlanta,"Sandgrouse, yellow-throated",2021-01-03 15:35:02
1930,1910,Hardy,Gerbil (unidentified),2021-11-07 21:33:39
1931,1457,Hedvig,Radiated tortoise,2021-04-20 15:05:00
1932,1428,Guillermo,Black curlew,2021-08-05 00:42:08
1933,1357,Andria,"Loris, slender",2021-04-13 13:07:12
1934,1368,Ansell,Black vulture,2021-08-28 16:26:25
1935,1467,Dennie,Violet-crested turaco,2021-09-28 00:23:00
1936,1329,Sophi,"Anteater, giant",2021-01-12 16:26:09
1937,1763,Hartwell,Asian false vampire bat,2020-12-18 17:03:07
1938,1310,Elladine,"Seal, harbor",2021-08-30 21:57:14
1939,1444,Erik,"Dove, little brown",2021-03-28 17:49:39
1940,1005,Zola,Spotted-tailed quoll,2021-05-16 04:01:45
1941,1136,Derwin,"Boar, wild",2021-03-29 12:23:54
1942,1182,Adelle,Tasmanian devil,2021-09-03 17:29:53
1943,1131,Sargent,"Weaver, lesser masked",2021-06-14 12:20:13
1944,1270,Karee,"Antelope, roan",2020-12-16 15:28:07
1945,1521,Carver,"Squirrel, african bush",2020-12-07 19:51:37
1946,1053,Guillaume,"Shelduck, common",2021-05-10 21:08:06
1947,1972,Carroll,Pale white-eye,2021-02-11 07:16:17
1948,1820,Avery,Green-winged trumpeter,2021-07-12 09:21:03
1949,1205,Fidole,"Rhea, common",2021-10-29 10:04:47
1950,1858,Jeanette,Collared lemming,2021-09-14 00:48:44
1951,1604,Eldon,"Boubou, southern",2021-07-10 21:33:44
1952,1091,Roxi,European shelduck,2021-03-10 21:08:41
1953,1254,Barris,Peregrine falcon,2021-10-08 13:10:30
1954,1355,Domenic,Blue fox,2021-10-04 16:23:58
1955,1906,Cornell,"Lorikeet, scaly-breasted",2020-12-25 18:18:20
1956,1663,Orly,Python (unidentified),2021-09-20 22:47:00
1957,1765,Germayne,"Lizard, blue-tongued",2021-04-03 03:48:14
1958,1638,Lotta,"Whale, long-finned pilot",2021-08-09 06:05:50
1959,1222,Wilfred,Tyrant flycatcher,2021-07-16 10:08:03
1960,1667,Billi,Grey fox,2021-08-09 03:08:13
1961,1096,Mirna,Crested bunting,2021-09-24 12:00:48
1962,1661,Madelina,"Cat, toddy",2021-08-16 01:35:42
1963,1347,Natasha,Australian brush turkey,2021-02-24 19:25:48
1964,1527,Ezechiel,"Jackal, golden",2021-03-19 00:05:18
1965,1210,Rutherford,Steenbok,2021-10-15 18:07:27
1966,1237,Jacquelynn,"Squirrel, indian giant",2021-08-02 16:34:13
1967,1648,Alyosha,White-headed vulture,2021-01-13 21:01:15
1968,1190,Annamaria,Blue fox,2021-01-23 22:41:46
1969,1682,Delly,Brush-tailed phascogale,2021-09-26 09:53:44
1970,1766,Marie-ann,"Heron, striated",2020-12-21 00:26:19
1971,1127,Gualterio,Mexican beaded lizard,2021-03-18 00:35:29
1972,1258,Klara,Collared lizard,2021-05-04 03:51:00
1973,1992,Ashlin,Vine snake (unidentified),2021-03-23 19:12:29
1974,1570,Jacquie,"Langur, gray",2021-04-22 19:50:38
1975,1578,Adelle,"Lizard, blue-tongued",2021-05-30 20:09:41
1976,1782,Violante,Huron,2021-03-31 10:26:23
1977,1697,Joyan,Wood pigeon,2021-10-21 15:40:17
1978,1750,Kinny,Laughing kookaburra,2021-06-08 00:15:10
1979,1826,Tye,Violet-eared waxbill,2021-05-26 02:15:30
1980,1308,Yale,Water monitor,2021-08-07 16:33:57
1981,1365,Jerrie,Kinkajou,2021-11-05 16:54:45
1982,1100,Berkly,"Whale, killer",2021-09-26 17:56:23
1983,1259,Broderic,Field flicker,2020-12-13 19:34:56
1984,1855,Carilyn,South American puma,2021-10-02 04:32:42
1985,1714,Shelba,Giant otter,2021-03-12 02:03:56
1986,1794,Danny,"Heron, little",2021-06-15 12:17:36
1987,1923,Brose,Helmeted guinea fowl,2021-02-06 21:37:00
1988,1007,Larisa,Galapagos penguin,2021-08-06 19:31:16
1989,1798,Carlee,Wolf spider,2021-03-17 08:47:51
1990,1527,Cissy,Giant otter,2020-12-17 12:44:19
1991,1781,Patricio,"Shark, blue",2021-03-12 21:08:17
1992,1015,Devon,Gerenuk,2021-03-08 14:23:38
1993,1333,Andrea,"Phalarope, northern",2021-02-09 12:55:15
1994,1134,Paxton,African clawless otter,2021-09-09 14:57:48
1995,1590,Helene,Anaconda (unidentified),2021-06-21 23:37:48
1996,1781,Artemis,"Iguana, common green",2021-04-02 12:11:54
1997,1671,Hinze,Common brushtail possum,2021-09-21 12:26:32
1998,1269,Alasdair,Jungle kangaroo,2021-09-22 14:40:37
1999,1989,Karlotte,Potoroo,2021-01-23 16:58:51
2000,1748,Gilberte,Fork-tailed drongo,2021-01-08 05:33:49
