saleID,description,createdAt,updatedAt,employerID
3114,"Hornbill, red-billed",8/20/2021,3/22/2021,1100
7916,"Lourie, grey",7/9/2021,5/7/2021,1101
2936,"Baboon, yellow",12/26/2020,5/16/2021,1102
5333,American bighorn sheep,5/6/2021,6/20/2021,1103
5025,Helmeted guinea fowl,3/31/2021,12/4/2020,1104
6879,Lava gull,1/17/2021,10/5/2021,1105
7977,Canadian tiger swallowtail butterfly,4/7/2021,9/27/2021,1106
9510,Golden brush-tailed possum,5/6/2021,9/20/2021,1107
6658,Pocket gopher (unidentified),6/30/2021,2/7/2021,1108
6676,Desert kangaroo rat,8/20/2021,9/4/2021,1109
4830,Mourning collared dove,2/14/2021,8/2/2021,1110
1951,Weeper capuchin,10/19/2021,2/12/2021,1111
9081,Bengal vulture,2/22/2021,7/22/2021,1112
5195,Reindeer,7/19/2021,1/2/2021,1113
9842,"Duiker, gray",10/6/2021,12/7/2020,1114
9354,American woodcock,1/14/2021,12/1/2020,1115
1445,"Cliffchat, mocking",6/20/2021,11/3/2021,1116
9771,"Sifaka, verreaux's",5/21/2021,5/22/2021,1117
9778,Red-breasted nuthatch,10/3/2021,2/10/2021,1118
6027,Common raccoon,4/2/2021,2/7/2021,1119
4974,"Stilt, black-winged",6/6/2021,2/11/2021,1120
2293,"Lion, asian",8/31/2021,7/8/2021,1121
7951,Red-billed buffalo weaver,2/16/2021,8/25/2021,1122
5117,Pacific gull,8/9/2021,5/4/2021,1123
8828,"Ringtail, common",12/29/2020,12/1/2020,1124
8480,Potoroo,3/15/2021,8/12/2021,1125
8141,Kafue flats lechwe,10/23/2021,10/31/2021,1126
4042,Sage grouse,11/4/2021,3/30/2021,1127
6337,Tawny frogmouth,6/7/2021,4/24/2021,1128
1100,Common duiker,10/2/2021,5/9/2021,1129
7807,Griffon vulture,9/4/2021,9/21/2021,1130
9273,"Sifaka, verreaux's",12/22/2020,6/24/2021,1131
4402,Ground monitor (unidentified),8/24/2021,8/15/2021,1132
9608,Ostrich,8/19/2021,11/16/2020,1133
5654,"Bird, pied butcher",4/6/2021,1/8/2021,1134
2412,Polar bear,12/11/2020,1/8/2021,1135
4581,"Squirrel, uinta ground",4/12/2021,7/28/2021,1136
1024,White-tailed jackrabbit,9/24/2021,5/14/2021,1137
8965,Caracara (unidentified),9/27/2021,9/23/2021,1138
6350,Javanese cormorant,1/23/2021,5/10/2021,1139
5977,Red sheep,4/4/2021,10/22/2021,1140
6650,"Weaver, sociable",9/1/2021,10/17/2021,1141
8580,Indian peacock,5/26/2021,5/5/2021,1142
2333,Eastern grey kangaroo,7/31/2021,1/2/2021,1143
8654,Darwin ground finch (unidentified),4/7/2021,10/6/2021,1144
3490,Red-tailed cockatoo,7/17/2021,2/8/2021,1145
6506,Worm snake (unidentified),9/3/2021,1/1/2021,1146
3995,"Tenrec, tailless",6/10/2021,1/8/2021,1147
2106,Bleeding heart monkey,9/19/2021,2/25/2021,1148
4671,Black-necked stork,12/12/2020,8/7/2021,1149
8383,"Oryx, fringe-eared",12/5/2020,7/15/2021,1150
2616,White-tailed deer,2/21/2021,4/15/2021,1151
3735,Grey phalarope,4/20/2021,2/11/2021,1152
1437,"Boa, columbian rainbow",1/8/2021,4/1/2021,1153
5148,Civet (unidentified),2/1/2021,10/27/2021,1154
6796,Black curlew,5/29/2021,9/28/2021,1155
9072,Magnificent frigate bird,10/31/2021,1/31/2021,1156
5756,"Squirrel, golden-mantled ground",3/16/2021,1/11/2021,1157
5962,Rhesus macaque,2/4/2021,11/23/2020,1158
5157,Javan gold-spotted mongoose,10/8/2021,7/17/2021,1159
2997,Ocelot,1/28/2021,12/9/2020,1160
1755,Tawny eagle,5/18/2021,9/8/2021,1161
7952,"Macaw, blue and gold",5/8/2021,2/15/2021,1162
1968,White-bellied sea eagle,6/8/2021,2/6/2021,1163
2572,House sparrow,6/14/2021,4/19/2021,1164
5678,Yellow baboon,6/14/2021,2/24/2021,1165
6161,Springbuck,3/17/2021,8/29/2021,1166
7457,Galapagos dove,2/27/2021,10/13/2021,1167
5839,"Bird, secretary",11/25/2020,5/20/2021,1168
9574,"Echidna, short-beaked",11/2/2021,4/28/2021,1169
3845,Arboral spiny rat,7/13/2021,9/24/2021,1170
2237,Agama lizard (unidentified),8/18/2021,4/30/2021,1171
4283,"Peccary, white-lipped",2/20/2021,4/22/2021,1172
8937,"Sandpiper, spotted wood",7/16/2021,7/6/2021,1173
2832,"Kudu, greater",5/6/2021,11/27/2020,1174
6255,Clark's nutcracker,11/2/2021,2/18/2021,1175
3083,House sparrow,3/12/2021,7/14/2021,1176
6940,"Devil, tasmanian",8/29/2021,3/29/2021,1177
8676,"Sheep, stone",11/7/2020,8/4/2021,1178
5434,American racer,7/24/2021,7/11/2021,1179
4000,Great kiskadee,5/30/2021,12/29/2020,1180
5646,Saddle-billed stork,4/16/2021,8/23/2021,1181
2664,Yellow-headed caracara,9/3/2021,1/10/2021,1182
6191,Common duiker,7/6/2021,5/29/2021,1183
7388,Collared lizard,1/9/2021,8/1/2021,1184
6668,Fringe-eared oryx,2/6/2021,10/3/2021,1185
2840,Gecko (unidentified),2/8/2021,11/3/2021,1186
1378,"Racer, american",7/25/2021,8/30/2021,1187
7541,"Flamingo, lesser",4/4/2021,12/24/2020,1188
1064,Spotted deer,11/6/2021,11/18/2020,1189
8651,Malachite kingfisher,1/4/2021,1/13/2021,1190
7086,"Cat, miner's",3/21/2021,8/24/2021,1191
6595,"Gecko, tokay",3/20/2021,9/3/2021,1192
9676,"Raccoon, crab-eating",1/7/2021,10/30/2021,1193
4502,"Camel, dromedary",5/19/2021,8/14/2021,1194
5310,Ornate rock dragon,11/29/2020,9/10/2021,1195
3268,Asiatic jackal,12/2/2020,2/1/2021,1196
5846,Giant heron,8/10/2021,4/23/2021,1197
2745,"Cockatoo, roseate",3/5/2021,8/5/2021,1198
2540,"Lizard, collared",11/22/2020,6/3/2021,1199
8127,"Dove, mourning collared",6/22/2021,4/30/2021,1200
5703,"Lizard, blue-tongued",6/17/2021,7/27/2021,1201
8166,"Owl, snowy",10/11/2021,2/2/2021,1202
2867,"Racer, blue",10/16/2021,6/5/2021,1203
4327,Black-footed ferret,5/13/2021,6/13/2021,1204
5940,"Egret, cattle",3/26/2021,10/26/2021,1205
5602,"Fox, pampa gray",4/12/2021,5/14/2021,1206
3339,Glossy starling (unidentified),6/21/2021,9/23/2021,1207
6687,Ringtail,4/15/2021,10/23/2021,1208
6700,European stork,11/21/2020,11/8/2020,1209
9304,Lesser masked weaver,4/2/2021,10/28/2021,1210
4979,"Squirrel, eurasian red",12/30/2020,11/6/2021,1211
4130,"Elk, Wapiti",3/27/2021,11/14/2020,1212
5394,Common zorro,1/21/2021,7/19/2021,1213
6621,Dromedary camel,9/22/2021,5/7/2021,1214
1709,"Rattlesnake, horned",3/20/2021,3/12/2021,1215
6425,Red brocket,3/9/2021,3/5/2021,1216
2126,White-faced whistling duck,1/7/2021,2/20/2021,1217
3566,Bare-faced go away bird,9/3/2021,9/8/2021,1218
3703,White-throated monitor,1/13/2021,3/5/2021,1219
1759,"Bulbul, black-fronted",8/23/2021,4/25/2021,1220
4760,Galapagos albatross,2/16/2021,6/27/2021,1221
8332,Common zebra,12/17/2020,8/25/2021,1222
3522,"Goat, mountain",3/2/2021,3/10/2021,1223
3527,Snowy sheathbill,9/1/2021,11/12/2020,1224
9953,White-throated kingfisher,4/28/2021,8/14/2021,1225
6021,African skink,12/28/2020,4/13/2021,1226
4121,Arctic fox,6/3/2021,5/31/2021,1227
2413,Defassa waterbuck,8/23/2021,11/14/2020,1228
3736,"Cormorant, pied",5/10/2021,12/19/2020,1229
1694,Tammar wallaby,4/30/2021,12/15/2020,1230
7604,Gerenuk,3/4/2021,1/14/2021,1231
9901,"Duck, mountain",11/6/2021,4/24/2021,1232
1257,"Kangaroo, eastern grey",4/25/2021,11/7/2020,1233
5424,"Cockatoo, red-breasted",6/5/2021,8/24/2021,1234
7047,"Bleu, blue-breasted cordon",11/29/2020,3/22/2021,1235
5039,"Gnu, brindled",5/17/2021,6/3/2021,1236
6107,Oriental short-clawed otter,7/18/2021,2/15/2021,1237
3349,"Raccoon, crab-eating",10/19/2021,3/10/2021,1238
8957,"Gonolek, burchell's",1/11/2021,7/30/2021,1239
5028,Desert tortoise,4/2/2021,2/28/2021,1240
7698,"Rhea, greater",8/11/2021,3/22/2021,1241
3408,"Pelican, brown",9/14/2021,2/11/2021,1242
9793,Sociable weaver,10/12/2021,4/26/2021,1243
8263,Black curlew,1/5/2021,2/24/2021,1244
4716,Denham's bustard,8/3/2021,11/20/2020,1245
7118,Hanuman langur,7/25/2021,9/4/2021,1246
2436,"Bear, grizzly",9/25/2021,9/25/2021,1247
4847,Civet cat,10/24/2021,5/12/2021,1248
4236,Indian leopard,2/9/2021,5/30/2021,1249
2913,Long-tailed spotted cat,10/16/2021,5/27/2021,1250
5409,Pied butcher bird,9/24/2021,5/24/2021,1251
9789,"Pintail, white-cheeked",12/22/2020,11/6/2021,1252
1344,"Marten, american",4/10/2021,10/28/2021,1253
5769,"Goose, cape barren",6/12/2021,10/31/2021,1254
2401,White-tailed jackrabbit,10/28/2021,12/14/2020,1255
8671,Nile crocodile,8/15/2021,4/25/2021,1256
1831,"Dragon, asian water",10/31/2021,10/31/2021,1257
2466,Fisher,3/2/2021,7/4/2021,1258
8230,"Tapir, brazilian",8/27/2021,1/1/2021,1259
9932,Adouri (unidentified),8/21/2021,7/31/2021,1260
4901,"Bulbul, african red-eyed",10/24/2021,6/13/2021,1261
2217,"Kite, black",12/29/2020,10/4/2021,1262
9126,"Gull, kelp",8/30/2021,5/21/2021,1263
4196,Desert tortoise,8/2/2021,1/29/2021,1264
7035,Long-crested hawk eagle,11/7/2020,1/14/2021,1265
1958,"Lion, southern sea",1/30/2021,5/25/2021,1266
5163,Southern screamer,10/22/2021,11/24/2020,1267
1081,Glossy starling (unidentified),8/1/2021,4/3/2021,1268
4510,"Cormorant, great",11/18/2020,3/3/2021,1269
8274,Hyrax,2/17/2021,9/21/2021,1270
2929,"Pheasant, ring-necked",5/31/2021,8/17/2021,1271
8871,Hoffman's sloth,5/9/2021,11/12/2020,1272
2222,"Bustard, kori",9/1/2021,3/16/2021,1273
7257,"Dragon, netted rock",11/15/2020,12/30/2020,1274
3501,Lizard (unidentified),6/4/2021,3/6/2021,1275
8937,"Dragonfly, russian",1/21/2021,8/6/2021,1276
4982,"Mongoose, javan gold-spotted",8/5/2021,8/23/2021,1277
2432,"Capuchin, brown",4/13/2021,8/20/2021,1278
9496,Little brown dove,7/23/2021,9/5/2021,1279
2979,"Kingfisher, pied",10/3/2021,9/28/2021,1280
8155,Crested bunting,7/6/2021,10/10/2021,1281
3882,"Blackbird, red-winged",8/20/2021,9/22/2021,1282
4935,Potoroo,5/14/2021,10/30/2021,1283
7024,Wood pigeon,6/28/2021,9/9/2021,1284
3606,Arctic fox,5/30/2021,4/21/2021,1285
7376,"Vulture, turkey",5/2/2021,8/23/2021,1286
8383,"Porcupine, crested",9/17/2021,8/18/2021,1287
4461,Gelada baboon,10/10/2021,1/24/2021,1288
4715,Northern fur seal,1/2/2021,5/30/2021,1289
6271,Agile wallaby,6/26/2021,6/24/2021,1290
7159,Ground legaan,11/30/2020,1/19/2021,1291
3026,Spotted wood sandpiper,4/8/2021,6/12/2021,1292
1668,"Zorro, common",3/1/2021,5/22/2021,1293
1656,Arctic ground squirrel,9/3/2021,8/9/2021,1294
8539,"Turtle, long-necked",7/18/2021,8/26/2021,1295
6031,Rhesus monkey,8/3/2021,6/10/2021,1296
9309,Pied kingfisher,11/13/2020,1/8/2021,1297
4118,"Macaque, bonnet",5/7/2021,8/21/2021,1298
5234,"Tern, white-winged",3/4/2021,8/11/2021,1299
7936,"Oryx, beisa",1/5/2021,2/23/2021,1300
9824,Crimson-breasted shrike,3/29/2021,9/6/2021,1301
1856,Lesser flamingo,4/24/2021,1/11/2021,1302
2383,European badger,9/23/2021,8/31/2021,1303
2625,Common waterbuck,5/27/2021,5/7/2021,1304
1853,Rufous-collared sparrow,2/11/2021,6/23/2021,1305
3875,"Gull, lava",1/25/2021,9/21/2021,1306
3189,"Armadillo, giant",7/27/2021,1/22/2021,1307
3568,Margay,6/17/2021,3/14/2021,1308
8762,Pied butcher bird,2/2/2021,7/16/2021,1309
4289,Pronghorn,7/17/2021,5/7/2021,1310
8037,"Gull, kelp",3/16/2021,8/30/2021,1311
1177,Warthog,12/30/2020,9/16/2021,1312
3126,"Lizard, desert spiny",8/2/2021,8/11/2021,1313
1822,"Goat, mountain",8/11/2021,12/12/2020,1314
9473,"Lapwing, southern",7/18/2021,1/15/2021,1315
3180,"Wallaby, red-necked",7/10/2021,7/26/2021,1316
3246,"Grenadier, common",6/21/2021,12/25/2020,1317
3922,African red-eyed bulbul,4/6/2021,7/5/2021,1318
8066,African skink,4/14/2021,2/27/2021,1319
5056,"Deer, swamp",10/9/2021,2/21/2021,1320
6497,"Rattlesnake, horned",1/9/2021,8/25/2021,1321
4762,"Sparrow, house",2/1/2021,8/27/2021,1322
6573,Roseate cockatoo,5/19/2021,9/25/2021,1323
4991,Black-backed jackal,6/7/2021,2/20/2021,1324
2486,"Otter, cape clawless",2/26/2021,3/22/2021,1325
9555,Eastern box turtle,10/10/2021,2/17/2021,1326
7364,"Mongoose, eastern dwarf",7/5/2021,3/10/2021,1327
5495,Red-winged blackbird,4/24/2021,3/1/2021,1328
4342,Asian elephant,4/10/2021,2/28/2021,1329
5721,"Deer, white-tailed",5/28/2021,7/7/2021,1330
1939,Smith's bush squirrel,4/20/2021,1/24/2021,1331
6204,"Pintail, white-cheeked",10/28/2021,4/5/2021,1332
3674,Golden brush-tailed possum,3/4/2021,2/21/2021,1333
1666,"Duiker, gray",1/21/2021,5/16/2021,1334
9845,Collared peccary,12/23/2020,8/14/2021,1335
4729,"Bandicoot, southern brown",11/10/2020,7/24/2021,1336
7043,"Pigeon, feral rock",2/9/2021,5/2/2021,1337
1142,Spur-winged goose,3/16/2021,9/24/2021,1338
5386,Jaguar,12/21/2020,11/27/2020,1339
1984,"Peccary, white-lipped",6/28/2021,7/24/2021,1340
9817,"Duck, blue",7/21/2021,5/25/2021,1341
6899,White-necked stork,5/10/2021,3/15/2021,1342
1901,"Boa, mexican",12/20/2020,9/23/2021,1343
8534,Sockeye salmon,1/11/2021,1/19/2021,1344
5547,"Lorikeet, scaly-breasted",11/15/2020,6/4/2021,1345
7482,"Phascogale, red-tailed",2/3/2021,6/9/2021,1346
9157,"Seal, northern elephant",7/20/2021,7/24/2021,1347
2755,"Seal, harbor",2/14/2021,5/18/2021,1348
4121,"Dove, emerald-spotted wood",11/17/2020,3/30/2021,1349
5161,"Sheep, stone",10/10/2021,10/26/2021,1350
1902,White-faced tree rat,3/23/2021,7/7/2021,1351
5495,"Tarantula, salmon pink bird eater",10/27/2021,12/20/2020,1352
3300,Coqui partridge,2/20/2021,8/19/2021,1353
2736,"Coatimundi, ring-tailed",5/9/2021,7/27/2021,1354
7615,Slender loris,11/11/2020,3/9/2021,1355
4006,"Bear, polar",10/25/2021,5/14/2021,1356
3939,"Cat, kaffir",4/25/2021,10/20/2021,1357
3460,Pale-throated three-toed sloth,12/3/2020,9/3/2021,1358
1258,"Spurfowl, yellow-necked",10/27/2021,6/7/2021,1359
7395,"Quail, gambel's",12/16/2020,11/19/2020,1360
2913,Cape cobra,11/10/2020,4/17/2021,1361
1616,Ground legaan,8/4/2021,9/3/2021,1362
1982,South American meadowlark (unidentified),9/2/2021,7/23/2021,1363
5036,"Gazelle, thomson's",11/19/2020,2/21/2021,1364
6535,Long-necked turtle,2/10/2021,2/8/2021,1365
9535,"Gorilla, western lowland",11/29/2020,3/14/2021,1366
9329,Platypus,4/9/2021,4/18/2021,1367
8705,"Weaver, lesser masked",6/7/2021,4/22/2021,1368
8581,"Stork, european",3/1/2021,7/22/2021,1369
9919,White stork,10/22/2021,11/10/2020,1370
5808,Python (unidentified),5/24/2021,4/18/2021,1371
3087,"Darter, african",6/19/2021,1/22/2021,1372
5559,"Pheasant, common",7/16/2021,10/31/2021,1373
3742,Long-necked turtle,3/4/2021,8/5/2021,1374
3935,"Stork, european",9/23/2021,9/25/2021,1375
3069,"Crane, stanley",5/15/2021,10/22/2021,1376
2198,White-necked raven,1/26/2021,7/14/2021,1377
9913,"Turkey, wild",10/16/2021,10/17/2021,1378
2075,"Camel, dromedary",10/7/2021,11/21/2020,1379
8607,Eurasian red squirrel,7/6/2021,5/9/2021,1380
3632,Brazilian otter,11/10/2020,9/16/2021,1381
4322,Crimson-breasted shrike,6/8/2021,4/8/2021,1382
5939,Spotted wood sandpiper,1/6/2021,5/4/2021,1383
9925,Galapagos hawk,10/9/2021,3/8/2021,1384
9197,Cuis,3/9/2021,2/21/2021,1385
8103,"Cat, tiger",1/25/2021,2/21/2021,1386
5120,"Wambenger, red-tailed",9/7/2021,5/20/2021,1387
7639,"Wallaby, dama",2/23/2021,3/11/2021,1388
2369,Mara,5/23/2021,10/25/2021,1389
7017,Snow goose,1/1/2021,3/30/2021,1390
3939,Coqui partridge,5/22/2021,6/23/2021,1391
9324,"Roadrunner, greater",12/14/2020,6/9/2021,1392
3887,Numbat,8/31/2021,5/25/2021,1393
1724,"Squirrel, smith's bush",2/1/2021,9/9/2021,1394
7373,"Bear, grizzly",5/8/2021,11/17/2020,1395
7999,"Zebra, common",5/1/2021,10/29/2021,1396
8739,"Fox, pampa gray",1/29/2021,4/24/2021,1397
1159,Rhesus macaque,5/8/2021,9/8/2021,1398
9292,Southern hairy-nosed wombat,8/21/2021,6/17/2021,1399
8520,"Starling, greater blue-eared",6/7/2021,9/15/2021,1400
4173,"Stork, white",8/1/2021,8/25/2021,1401
9726,Hawk-headed parrot,8/12/2021,9/17/2021,1402
2395,"Falcon, peregrine",1/23/2021,2/4/2021,1403
2861,Savanna baboon,8/1/2021,6/18/2021,1404
7351,Savanna fox,1/11/2021,4/13/2021,1405
2343,Cobra (unidentified),10/27/2021,11/16/2020,1406
4826,"Cormorant, javanese",11/30/2020,7/15/2021,1407
2569,Golden jackal,12/1/2020,3/10/2021,1408
6028,Yellow-billed hornbill,7/22/2021,1/8/2021,1409
9824,"Catfish, blue",3/7/2021,9/8/2021,1410
5449,"Squirrel, palm",3/1/2021,5/27/2021,1411
4632,"Starling, greater blue-eared",3/21/2021,9/16/2021,1412
7043,Red deer,7/26/2021,11/13/2020,1413
1350,Sociable weaver,6/9/2021,3/23/2021,1414
1711,"Egret, cattle",2/12/2021,7/26/2021,1415
9359,Blue and gold macaw,7/6/2021,5/13/2021,1416
4928,"Ibis, sacred",11/19/2020,4/16/2021,1417
7769,"Lizard, blue-tongued",3/17/2021,7/15/2021,1418
8319,"Duiker, gray",5/2/2021,7/23/2021,1419
8853,Southern black-backed gull,8/1/2021,12/4/2020,1420
9404,"Hawk, galapagos",5/23/2021,12/27/2020,1421
1170,Levaillant's barbet,5/30/2021,4/14/2021,1422
2521,Fat-tailed dunnart,11/17/2020,4/2/2021,1423
5114,"Langur, hanuman",2/18/2021,4/15/2021,1424
7642,Tayra,12/7/2020,6/14/2021,1425
9421,Woodrat (unidentified),11/4/2021,6/13/2021,1426
1292,Greylag goose,9/18/2021,11/13/2020,1427
8572,Giant otter,4/13/2021,11/19/2020,1428
4515,"Squirrel, red",8/19/2021,3/30/2021,1429
7126,"Gull, dusky",2/27/2021,6/12/2021,1430
3838,Red-tailed phascogale,1/11/2021,4/19/2021,1431
5875,Bennett's wallaby,9/24/2021,7/20/2021,1432
3983,"Grouse, greater sage",11/21/2020,5/17/2021,1433
3852,Sportive lemur,9/21/2021,11/3/2021,1434
6543,"Brocket, brown",3/4/2021,9/9/2021,1435
8313,"Snake, tiger",12/14/2020,7/20/2021,1436
5656,"Pie, indian tree",9/14/2021,3/27/2021,1437
8099,"Tapir, brazilian",7/28/2021,10/30/2021,1438
4993,"Badger, american",1/20/2021,4/17/2021,1439
5309,South American puma,10/16/2021,5/20/2021,1440
1013,"Macaque, bonnet",3/25/2021,1/3/2021,1441
7489,Eastern dwarf mongoose,1/9/2021,4/14/2021,1442
9721,"Deer, spotted",4/15/2021,7/2/2021,1443
9467,Galapagos tortoise,5/18/2021,5/1/2021,1444
5602,"Iguana, marine",1/29/2021,5/6/2021,1445
5176,Collared peccary,7/11/2021,1/23/2021,1446
9200,Sidewinder,10/29/2021,1/30/2021,1447
7055,Roseat flamingo,12/8/2020,11/8/2020,1448
4570,Common zebra,10/9/2021,4/9/2021,1449
3476,"Kookaburra, laughing",2/12/2021,12/26/2020,1450
2161,Silver-backed jackal,8/26/2021,3/17/2021,1451
8277,"Wildebeest, blue",1/19/2021,4/8/2021,1452
5671,Cape wild cat,3/6/2021,7/22/2021,1453
1268,"Deer, barasingha",10/7/2021,10/1/2021,1454
6161,Indian tree pie,9/14/2021,6/22/2021,1455
7889,"Cat, ringtail",9/11/2021,5/2/2021,1456
4500,Egyptian cobra,4/10/2021,1/23/2021,1457
7048,Long-necked turtle,7/1/2021,3/17/2021,1458
1609,White-winged dove,5/5/2021,6/21/2021,1459
5945,Sally lightfoot crab,4/6/2021,12/1/2020,1460
7485,"Gnu, brindled",7/5/2021,11/13/2020,1461
3140,Galapagos sea lion,10/21/2021,10/7/2021,1462
3095,"Gull, swallow-tail",3/31/2021,2/26/2021,1463
5035,Paca,9/6/2021,11/2/2021,1464
9290,"Cat, native",11/4/2021,7/24/2021,1465
8889,"Elephant, asian",6/20/2021,8/11/2021,1466
8809,White-faced whistling duck,7/11/2021,8/22/2021,1467
6124,Feral rock pigeon,9/22/2021,3/15/2021,1468
8982,Snowy owl,11/18/2020,11/24/2020,1469
5154,Hoffman's sloth,10/5/2021,10/15/2021,1470
3431,American buffalo,1/18/2021,2/25/2021,1471
5024,Tropical buckeye butterfly,6/4/2021,7/2/2021,1472
6065,Bat-eared fox,3/10/2021,10/2/2021,1473
4011,Ant (unidentified),9/21/2021,4/29/2021,1474
8344,"Cat, kaffir",6/6/2021,8/21/2021,1475
7071,Arctic lemming,7/27/2021,10/24/2021,1476
5612,"Cobra, egyptian",8/22/2021,7/10/2021,1477
3841,"Stork, jabiru",1/23/2021,12/10/2020,1478
3911,"Elephant, african",9/15/2021,4/2/2021,1479
5888,"Turkey, common",7/21/2021,7/31/2021,1480
5270,Jabiru stork,6/28/2021,5/18/2021,1481
8902,Lilac-breasted roller,10/21/2021,8/14/2021,1482
5200,Long-tailed jaeger,11/30/2020,11/24/2020,1483
9372,Euro wallaby,10/21/2021,12/24/2020,1484
4003,Python (unidentified),2/15/2021,9/29/2021,1485
4390,Striped skunk,1/4/2021,2/26/2021,1486
1933,Grey mouse lemur,1/6/2021,3/10/2021,1487
1414,"Porcupine, prehensile-tailed",9/24/2021,12/31/2020,1488
9750,Verreaux's sifaka,11/13/2020,11/25/2020,1489
8807,Marine iguana,2/16/2021,4/1/2021,1490
5844,Long-tailed spotted cat,10/29/2021,3/4/2021,1491
5270,"Baboon, yellow",5/23/2021,5/30/2021,1492
4394,Red-winged blackbird,6/22/2021,5/18/2021,1493
1170,"Hedgehog, south african",11/9/2020,6/5/2021,1494
5220,"Finch, common melba",5/26/2021,11/17/2020,1495
3539,Black-faced kangaroo,3/5/2021,6/1/2021,1496
1624,"Fox, cape",12/10/2020,12/24/2020,1497
9359,"Boa, mexican",10/28/2021,7/11/2021,1498
1047,"Spoonbill, european",10/5/2021,3/7/2021,1499
4459,"Siskin, pine",5/4/2021,8/31/2021,1500
6815,Coqui partridge,12/11/2020,3/27/2021,1501
1813,"Sheep, red",2/22/2021,5/11/2021,1502
4074,Mountain duck,12/21/2020,4/18/2021,1503
9249,"Rabbit, eastern cottontail",4/9/2021,8/5/2021,1504
3829,Bottle-nose dolphin,2/13/2021,9/29/2021,1505
7394,"Phalarope, northern",3/3/2021,10/6/2021,1506
4326,"Woodpecker, red-headed",10/27/2021,7/27/2021,1507
2717,"Lion, asian",4/24/2021,12/17/2020,1508
5544,Brown and yellow marshbird,10/16/2021,4/21/2021,1509
3568,"Baboon, yellow",3/10/2021,7/11/2021,1510
8549,"Swan, black",11/8/2020,8/11/2021,1511
5365,Common brushtail possum,1/13/2021,7/6/2021,1512
9514,Yellow-necked spurfowl,5/15/2021,9/21/2021,1513
5929,Field flicker,2/8/2021,1/1/2021,1514
9771,White-winged black tern,7/7/2021,3/5/2021,1515
3571,Pied avocet,11/19/2020,11/8/2020,1516
3851,"Cormorant, flightless",6/25/2021,1/17/2021,1517
9163,"Viper, egyptian",4/2/2021,12/20/2020,1518
5694,White-faced whistling duck,12/18/2020,6/13/2021,1519
4014,"Dog, bush",3/20/2021,3/3/2021,1520
5083,"Peacock, blue",11/9/2020,6/16/2021,1521
9078,Thomson's gazelle,7/2/2021,11/20/2020,1522
1197,"Lion, mountain",5/5/2021,1/29/2021,1523
8798,"Fox, crab-eating",3/16/2021,7/11/2021,1524
5987,Common nighthawk,3/14/2021,8/9/2021,1525
3959,Lesser mouse lemur,10/13/2021,12/24/2020,1526
5148,Javan gold-spotted mongoose,12/3/2020,8/7/2021,1527
8927,"Cat, toddy",4/23/2021,11/26/2020,1528
9772,Little heron,12/8/2020,6/29/2021,1529
7711,Galapagos hawk,7/1/2021,11/12/2020,1530
9470,Asian false vampire bat,11/12/2020,4/24/2021,1531
5618,Sacred ibis,12/12/2020,4/13/2021,1532
6428,Common brushtail possum,5/24/2021,12/9/2020,1533
7977,Pronghorn,5/19/2021,6/4/2021,1534
9153,Common long-nosed armadillo,6/18/2021,3/25/2021,1535
5304,"Gazelle, grant's",11/18/2020,6/28/2021,1536
4104,Blacksmith plover,6/1/2021,5/10/2021,1537
5338,Red-billed buffalo weaver,9/16/2021,10/4/2021,1538
8987,Currasow (unidentified),5/5/2021,5/23/2021,1539
6688,Black-tailed prairie dog,6/29/2021,9/2/2021,1540
7681,"Kingfisher, white-throated",3/25/2021,9/3/2021,1541
5625,Red hartebeest,11/27/2020,8/25/2021,1542
1942,Wild boar,11/26/2020,7/4/2021,1543
7726,"Goose, andean",3/13/2021,1/21/2021,1544
8981,"Cat, african wild",11/30/2020,4/18/2021,1545
6694,"Glider, sugar",2/28/2021,8/28/2021,1546
1597,House sparrow,7/6/2021,1/24/2021,1547
7432,Mudskipper (unidentified),10/3/2021,3/10/2021,1548
2873,"Crow, house",9/26/2021,4/27/2021,1549
6709,"Crow, pied",8/31/2021,8/15/2021,1550
9936,"Rattlesnake, horned",2/21/2021,5/28/2021,1551
4491,"Kangaroo, black-faced",2/25/2021,2/13/2021,1552
9163,Two-toed tree sloth,10/11/2021,11/6/2021,1553
2487,House sparrow,9/15/2021,12/7/2020,1554
5799,"Vulture, lappet-faced",12/26/2020,6/29/2021,1555
2235,Dusky gull,5/5/2021,5/24/2021,1556
1872,Savanna fox,4/2/2021,6/19/2021,1557
2046,Blue-breasted cordon bleu,2/2/2021,3/7/2021,1558
9658,"Deer, red",6/21/2021,3/24/2021,1559
5510,"Seal, harbor",3/2/2021,10/17/2021,1560
3027,Red howler monkey,2/17/2021,2/13/2021,1561
5922,"Tortoise, galapagos",6/4/2021,7/27/2021,1562
2533,Cape clawless otter,11/10/2020,12/1/2020,1563
1094,"White-eye, pale",7/25/2021,10/26/2021,1564
5617,Grey phalarope,5/24/2021,8/11/2021,1565
9443,Yellow-crowned night heron,7/6/2021,5/16/2021,1566
4651,American buffalo,1/13/2021,10/18/2021,1567
8603,"Moorhen, purple",1/8/2021,6/15/2021,1568
4801,"Gecko, barking",11/29/2020,9/17/2021,1569
1689,"Possum, golden brush-tailed",12/18/2020,3/21/2021,1570
8550,Kongoni,9/16/2021,1/10/2021,1571
2966,Common mynah,10/9/2021,8/23/2021,1572
1581,"Gull, pacific",2/21/2021,10/26/2021,1573
1316,American black bear,5/7/2021,7/12/2021,1574
3336,Eurasian badger,4/29/2021,11/6/2021,1575
4358,"Vulture, oriental white-backed",2/7/2021,9/17/2021,1576
5679,"Bandicoot, long-nosed",4/20/2021,8/20/2021,1577
6092,Southern brown bandicoot,8/20/2021,10/26/2021,1578
3353,"Crocodile, nile",3/3/2021,4/19/2021,1579
2045,Lesser flamingo,9/29/2021,4/15/2021,1580
9732,Blue-tongued skink,5/5/2021,5/2/2021,1581
5670,Carpet python,12/23/2020,4/7/2021,1582
7859,Guerza,12/17/2020,5/8/2021,1583
5458,Kori bustard,12/21/2020,3/25/2021,1584
7748,Snowy egret,6/13/2021,10/20/2021,1585
9268,Southern sea lion,2/12/2021,12/21/2020,1586
4059,Red and blue macaw,12/18/2020,9/11/2021,1587
7270,European red squirrel,4/28/2021,1/27/2021,1588
8648,Sage hen,4/16/2021,9/1/2021,1589
4245,Musk ox,3/25/2021,8/16/2021,1590
8083,Blue duck,11/25/2020,6/17/2021,1591
9202,"Iguana, land",7/14/2021,4/1/2021,1592
9191,King vulture,10/17/2021,10/27/2021,1593
1218,Ringtail cat,4/25/2021,4/1/2021,1594
2978,"Bee-eater, white-fronted",12/6/2020,11/24/2020,1595
1049,"Crane, sarus",2/27/2021,9/23/2021,1596
1340,Indian tree pie,4/12/2021,5/1/2021,1597
1083,Gray rhea,6/24/2021,3/6/2021,1598
2436,White-browed owl,7/9/2021,11/17/2020,1599
5241,"Cormorant, pied",12/29/2020,5/13/2021,1600
4112,"Stork, greater adjutant",10/21/2021,4/13/2021,1601
6002,"Boubou, southern",12/3/2020,3/14/2021,1602
4999,"Swan, trumpeter",7/20/2021,4/7/2021,1603
2728,"Sloth, two-toed tree",1/4/2021,11/9/2020,1604
9117,Gerbil (unidentified),5/11/2021,2/24/2021,1605
5416,"Robin, white-throated",5/13/2021,4/29/2021,1606
2810,"Cormorant, great",5/12/2021,8/4/2021,1607
7488,Red-breasted cockatoo,7/28/2021,11/25/2020,1608
2936,Wood pigeon,2/10/2021,7/13/2021,1609
2494,Brush-tailed bettong,2/28/2021,6/22/2021,1610
6261,Hottentot teal,2/6/2021,8/27/2021,1611
4181,Paddy heron (unidentified),8/30/2021,6/18/2021,1612
6731,"Raccoon, crab-eating",7/30/2021,9/17/2021,1613
9277,Eastern dwarf mongoose,9/21/2021,9/18/2021,1614
2089,"Siskin, pine",4/4/2021,6/11/2021,1615
4180,Pocket gopher (unidentified),4/4/2021,12/24/2020,1616
2125,"Goose, egyptian",2/11/2021,7/7/2021,1617
1040,Sandhill crane,3/14/2021,12/15/2020,1618
5181,"Kangaroo, red",9/12/2021,4/24/2021,1619
7731,"Sheep, stone",7/21/2021,12/10/2020,1620
4916,House sparrow,12/22/2020,5/17/2021,1621
5166,Black-capped capuchin,3/16/2021,7/29/2021,1622
8880,"Macaque, japanese",2/22/2021,10/26/2021,1623
6436,"Seal, southern elephant",12/8/2020,5/19/2021,1624
4630,Gray heron,1/3/2021,2/18/2021,1625
1319,"Porcupine, tree",8/12/2021,11/27/2020,1626
8251,Common palm civet,7/7/2021,9/6/2021,1627
8706,Griffon vulture,4/15/2021,2/1/2021,1628
9153,Kelp gull,10/6/2021,3/2/2021,1629
6679,Spur-winged goose,7/22/2021,2/28/2021,1630
4181,Common brushtail possum,7/5/2021,8/10/2021,1631
9741,Musk ox,7/21/2021,3/3/2021,1632
9881,Kalahari scrub robin,3/27/2021,10/28/2021,1633
9293,"Tortoise, burmese black mountain",6/30/2021,4/10/2021,1634
5592,"Albatross, waved",6/27/2021,11/25/2020,1635
5105,"Heron, grey",2/8/2021,7/7/2021,1636
1510,Tyrant flycatcher,3/18/2021,12/15/2020,1637
1028,Red-tailed wambenger,4/17/2021,2/2/2021,1638
6604,Long-finned pilot whale,1/29/2021,3/17/2021,1639
5630,Red phalarope,6/5/2021,9/16/2021,1640
2094,"Dragon, netted rock",2/21/2021,7/17/2021,1641
9442,"Duck, mountain",10/26/2021,2/9/2021,1642
3706,Superb starling,12/10/2020,4/6/2021,1643
2709,"Bushbaby, large-eared",7/14/2021,4/18/2021,1644
5081,"Wallaby, bennett's",9/30/2021,3/14/2021,1645
4518,"Teal, hottentot",4/25/2021,10/31/2021,1646
1176,"Grebe, little",11/19/2020,8/14/2021,1647
1802,"Heron, boat-billed",12/10/2020,10/2/2021,1648
8795,"Vulture, griffon",12/17/2020,11/18/2020,1649
6277,Lava gull,9/15/2021,8/6/2021,1650
3609,"Crow, american",11/3/2021,10/23/2021,1651
5202,"Rhea, common",12/31/2020,6/11/2021,1652
6462,Spur-winged goose,8/15/2021,1/10/2021,1653
5135,Eurasian beaver,4/10/2021,5/18/2021,1654
8643,Puna ibis,2/7/2021,7/29/2021,1655
8676,"Otter, north american river",8/31/2021,11/7/2020,1656
9585,Griffon vulture,2/2/2021,4/3/2021,1657
3440,"Barbet, crested",9/11/2021,1/12/2021,1658
5088,"Turkey, common",12/27/2020,12/22/2020,1659
8237,Black-crowned crane,1/31/2021,12/20/2020,1660
6699,"Seal, northern elephant",4/8/2021,2/5/2021,1661
3161,Egyptian goose,8/15/2021,1/1/2021,1662
3972,"Dragon, western bearded",11/30/2020,7/1/2021,1663
2237,Adouri (unidentified),7/25/2021,8/12/2021,1664
6248,"Vulture, lappet-faced",7/14/2021,11/11/2020,1665
5757,Defassa waterbuck,8/6/2021,12/1/2020,1666
9531,Marabou stork,11/18/2020,11/12/2020,1667
5278,Asiatic wild ass,12/6/2020,5/23/2021,1668
3229,"Antelope, sable",9/12/2021,3/29/2021,1669
6375,"Rhinoceros, white",5/1/2021,7/7/2021,1670
4506,"Sheep, american bighorn",8/30/2021,10/3/2021,1671
6340,Red-cheeked cordon bleu,2/27/2021,7/9/2021,1672
5755,Collared peccary,2/23/2021,3/7/2021,1673
9627,"Seal, northern fur",12/2/2020,5/27/2021,1674
1272,Spotted hyena,4/25/2021,2/22/2021,1675
7944,"Grouse, sage",1/1/2021,12/14/2020,1676
7191,White-bellied sea eagle,6/10/2021,7/24/2021,1677
3722,Fat-tailed dunnart,2/2/2021,8/16/2021,1678
7274,"Possum, ring-tailed",12/21/2020,11/9/2020,1679
8034,Pocket gopher (unidentified),11/25/2020,12/22/2020,1680
8540,"Roller, lilac-breasted",5/6/2021,4/15/2021,1681
3225,Galapagos mockingbird,12/4/2020,9/26/2021,1682
6328,Rainbow lory,7/6/2021,7/20/2021,1683
3476,Steller sea lion,9/23/2021,3/24/2021,1684
7263,Brush-tailed rat kangaroo,3/8/2021,12/27/2020,1685
1193,"Kangaroo, western grey",10/17/2021,5/26/2021,1686
9156,"Turkey, wild",6/3/2021,8/23/2021,1687
6406,African clawless otter,6/14/2021,4/8/2021,1688
8869,"Cat, african wild",3/23/2021,12/18/2020,1689
8641,Violet-eared waxbill,7/7/2021,5/13/2021,1690
1132,Vine snake (unidentified),4/29/2021,8/14/2021,1691
8785,Swamp deer,3/20/2021,1/21/2021,1692
1616,Prairie falcon,7/24/2021,5/2/2021,1693
3160,"Deer, barasingha",6/26/2021,10/19/2021,1694
7243,"Gecko, barking",6/17/2021,10/20/2021,1695
5523,Cuis,12/20/2020,10/28/2021,1696
9841,"Kangaroo, red",12/7/2020,5/23/2021,1697
6185,Fisher,1/13/2021,12/10/2020,1698
6948,"Swan, black",2/14/2021,10/28/2021,1699
1057,Land iguana,2/11/2021,9/15/2021,1700
5963,"Porcupine, indian",12/8/2020,4/17/2021,1701
8235,Red-tailed phascogale,3/25/2021,10/8/2021,1702
7593,Red-legged pademelon,10/13/2021,1/22/2021,1703
8502,Asian openbill,3/16/2021,9/13/2021,1704
8511,Striped hyena,3/24/2021,2/11/2021,1705
4137,Euro wallaby,1/18/2021,2/7/2021,1706
3659,Long-billed corella,4/24/2021,11/25/2020,1707
5915,Elegant crested tinamou,9/20/2021,6/30/2021,1708
7524,"Squirrel, red",2/7/2021,12/14/2020,1709
4604,Leadbeateri's ground hornbill,7/19/2021,4/2/2021,1710
9056,Australian pelican,3/14/2021,1/18/2021,1711
3082,African elephant,1/22/2021,8/4/2021,1712
3300,"Drongo, fork-tailed",10/17/2021,3/30/2021,1713
4783,"Crane, black-crowned",5/13/2021,2/26/2021,1714
9864,"Bettong, brush-tailed",1/9/2021,9/24/2021,1715
1484,"Gull, swallow-tail",10/12/2021,6/10/2021,1716
4089,"Glider, sugar",5/15/2021,7/19/2021,1717
1657,"Creeper, black-tailed tree",7/3/2021,9/5/2021,1718
2258,"Porcupine, indian",6/1/2021,4/30/2021,1719
8570,"Penguin, magellanic",2/4/2021,8/25/2021,1720
5154,Giant otter,4/8/2021,1/7/2021,1721
4135,Violet-crested turaco,6/9/2021,11/6/2021,1722
7470,Greater rhea,10/28/2021,7/9/2021,1723
5301,Kongoni,11/10/2020,4/8/2021,1724
6522,American buffalo,4/24/2021,8/6/2021,1725
4467,Amazon parrot (unidentified),9/14/2021,1/31/2021,1726
6649,"Quoll, eastern",5/24/2021,7/10/2021,1727
3556,Fork-tailed drongo,5/28/2021,9/26/2021,1728
7759,Kinkajou,4/4/2021,7/22/2021,1729
6141,"Woodcock, american",6/27/2021,5/15/2021,1730
7430,"Wildebeest, blue",1/23/2021,5/3/2021,1731
5385,"Eagle, crowned",6/19/2021,6/7/2021,1732
8266,Hyrax,10/9/2021,9/21/2021,1733
6216,"Peacock, blue",7/8/2021,10/23/2021,1734
4492,"Bear, polar",12/12/2020,3/15/2021,1735
4877,Kirk's dik dik,9/13/2021,1/29/2021,1736
6251,Goliath heron,7/23/2021,12/22/2020,1737
2514,"Gnu, brindled",4/11/2021,11/12/2020,1738
2932,Yellow-crowned night heron,9/4/2021,2/7/2021,1739
5163,Guanaco,3/12/2021,1/29/2021,1740
8736,Agile wallaby,5/29/2021,12/1/2020,1741
4719,"Lemur, sportive",9/12/2021,4/18/2021,1742
4564,European red squirrel,5/31/2021,10/10/2021,1743
8812,Black spider monkey,7/6/2021,4/10/2021,1744
5525,"Possum, pygmy",8/2/2021,1/22/2021,1745
7813,"Wombat, common",3/5/2021,4/13/2021,1746
4941,"Lynx, african",2/10/2021,7/1/2021,1747
6549,"Eagle, bald",2/28/2021,8/16/2021,1748
8796,"Turkey, wild",2/20/2021,7/9/2021,1749
7367,Clark's nutcracker,8/28/2021,5/9/2021,1750
2685,Silver-backed jackal,1/9/2021,11/11/2020,1751
5675,"Catfish, blue",3/31/2021,7/11/2021,1752
7210,"Francolin, coqui",7/8/2021,11/20/2020,1753
9797,Capybara,6/10/2021,8/14/2021,1754
6809,"Phascogale, red-tailed",1/7/2021,6/30/2021,1755
6967,"Dove, rock",12/13/2020,8/23/2021,1756
6547,American alligator,2/7/2021,10/28/2021,1757
8489,Horned lark,12/28/2020,4/7/2021,1758
7297,Waved albatross,12/16/2020,8/2/2021,1759
3495,"Antelope, four-horned",8/8/2021,10/6/2021,1760
7223,"Elephant, asian",11/22/2020,1/17/2021,1761
5517,"Cardinal, red-capped",10/26/2021,4/22/2021,1762
2756,Snake (unidentified),6/16/2021,12/25/2020,1763
5027,Greater kudu,7/1/2021,3/15/2021,1764
1316,Gaur,3/10/2021,3/22/2021,1765
9353,Bottle-nose dolphin,9/16/2021,1/10/2021,1766
5410,Red-headed woodpecker,7/2/2021,2/14/2021,1767
6689,Flightless cormorant,7/1/2021,9/27/2021,1768
5244,"Duck, comb",9/5/2021,8/8/2021,1769
1088,"Squirrel, european red",10/13/2021,10/13/2021,1770
3965,Northern phalarope,1/26/2021,1/27/2021,1771
2609,"Dragon, frilled",11/17/2020,4/7/2021,1772
9326,Bottle-nose dolphin,7/20/2021,8/10/2021,1773
9722,"Antechinus, brown",3/14/2021,3/27/2021,1774
3601,Agile wallaby,12/21/2020,1/13/2021,1775
7149,Large cormorant,10/4/2021,6/24/2021,1776
7401,African polecat,8/31/2021,8/23/2021,1777
5258,Asian water dragon,5/16/2021,3/14/2021,1778
8440,Bottle-nose dolphin,10/12/2021,4/9/2021,1779
1388,"Gazer, sun",6/30/2021,9/15/2021,1780
6657,Arctic tern,7/24/2021,7/12/2021,1781
1948,"Squirrel, grey-footed",10/6/2021,1/30/2021,1782
6398,"Snake, racer",2/11/2021,8/31/2021,1783
8416,"Bunting, crested",4/14/2021,4/6/2021,1784
9832,"Waxbill, violet-eared",4/1/2021,4/28/2021,1785
3772,Snowy owl,4/20/2021,8/12/2021,1786
2434,African wild cat,11/21/2020,8/1/2021,1787
5292,"Siskin, yellow-rumped",4/16/2021,7/15/2021,1788
9218,"Puffin, horned",4/13/2021,6/15/2021,1789
2308,Mule deer,7/22/2021,10/6/2021,1790
9005,"Echidna, short-beaked",12/19/2020,2/26/2021,1791
7081,"Racer, blue",12/31/2020,5/9/2021,1792
8701,Fairy penguin,3/1/2021,2/21/2021,1793
5300,"Pie, indian tree",12/28/2020,3/22/2021,1794
9347,"Alligator, american",4/28/2021,6/11/2021,1795
2385,Blue waxbill,5/28/2021,12/16/2020,1796
5517,"Duck, mountain",11/24/2020,1/31/2021,1797
2149,Western bearded dragon,5/2/2021,8/28/2021,1798
4687,Koala,6/28/2021,1/31/2021,1799
2680,"Duck, comb",12/22/2020,10/9/2021,1800
3078,Small Indian mongoose,7/20/2021,2/26/2021,1801
5821,"Lion, mountain",3/18/2021,1/25/2021,1802
7359,Giant girdled lizard,1/4/2021,2/27/2021,1803
4873,Anaconda (unidentified),7/21/2021,4/20/2021,1804
9847,"Swan, trumpeter",12/14/2020,7/18/2021,1805
4158,Steenbok,3/17/2021,3/22/2021,1806
4071,"Buffalo, american",9/8/2021,10/29/2021,1807
1000,Brown hyena,4/28/2021,2/20/2021,1808
6496,"Whale, southern right",1/25/2021,1/15/2021,1809
8187,Asian water dragon,9/6/2021,5/7/2021,1810
1329,"Skink, blue-tongued",3/27/2021,10/2/2021,1811
9952,Desert kangaroo rat,11/9/2020,5/17/2021,1812
6030,"Weaver, lesser masked",8/3/2021,5/13/2021,1813
4859,"Bird, magnificent frigate",8/26/2021,6/14/2021,1814
1919,Tailless tenrec,3/5/2021,2/5/2021,1815
2317,"Hedgehog, south african",10/10/2021,7/3/2021,1816
6538,Pale white-eye,12/21/2020,8/9/2021,1817
5800,Yellow baboon,11/23/2020,11/21/2020,1818
1374,"Godwit, hudsonian",12/27/2020,3/18/2021,1819
7406,Ocelot,3/8/2021,1/1/2021,1820
8754,"Shrike, southern white-crowned",7/14/2021,4/16/2021,1821
5989,Common pheasant,11/11/2020,10/10/2021,1822
5961,Little cormorant,6/16/2021,3/23/2021,1823
5438,European badger,6/7/2021,4/18/2021,1824
2336,Sarus crane,2/10/2021,7/6/2021,1825
2603,"Deer, swamp",7/14/2021,11/20/2020,1826
3450,"Rat, desert kangaroo",4/4/2021,4/1/2021,1827
3439,"Vulture, turkey",7/18/2021,11/28/2020,1828
6854,Antelope ground squirrel,5/8/2021,9/15/2021,1829
8646,Hawk-headed parrot,1/29/2021,3/13/2021,1830
1083,"Grenadier, purple",5/21/2021,11/9/2020,1831
5433,"Flamingo, lesser",6/18/2021,4/2/2021,1832
7729,"Fox, arctic",1/14/2021,12/30/2020,1833
4565,"Sparrow, house",11/22/2020,12/9/2020,1834
7347,Little heron,9/25/2021,6/11/2021,1835
3009,"Pheasant, common",11/13/2020,12/12/2020,1836
3696,"Squirrel, arctic ground",7/16/2021,6/19/2021,1837
6965,Openbill stork,8/7/2021,9/1/2021,1838
5984,Hummingbird (unidentified),5/23/2021,7/10/2021,1839
7590,Savannah deer,5/22/2021,4/24/2021,1840
1771,"Booby, blue-footed",8/9/2021,4/8/2021,1841
1043,"Sloth, two-toed",9/19/2021,4/7/2021,1842
1919,"Tortoise, galapagos",3/13/2021,9/5/2021,1843
2375,Pampa gray fox,2/21/2021,5/7/2021,1844
8566,Miner's cat,10/27/2021,12/2/2020,1845
4468,Slender-billed cockatoo,1/26/2021,10/11/2021,1846
5937,"Owl, great horned",3/8/2021,8/13/2021,1847
2214,"Rhinoceros, black",3/27/2021,11/2/2021,1848
9374,"Parrot, hawk-headed",1/15/2021,4/25/2021,1849
6796,Carmine bee-eater,10/20/2021,5/29/2021,1850
5974,"Peacock, blue",3/15/2021,8/19/2021,1851
9904,Bent-toed gecko,4/9/2021,6/9/2021,1852
9056,South American meadowlark (unidentified),3/4/2021,6/14/2021,1853
5261,"Weaver, chestnut",10/6/2021,7/25/2021,1854
2469,Yak,11/14/2020,4/10/2021,1855
2302,Wattled crane,1/1/2021,8/4/2021,1856
4332,Ring-tailed coatimundi,5/23/2021,11/12/2020,1857
9186,"Bear, sloth",12/8/2020,2/20/2021,1858
3503,"Cobra, cape",12/11/2020,4/16/2021,1859
7225,Knob-nosed goose,4/13/2021,10/30/2021,1860
8886,"Trumpeter, dark-winged",1/25/2021,6/23/2021,1861
2217,"Colobus, magistrate black",11/27/2020,4/20/2021,1862
4749,Tiger,12/4/2020,5/3/2021,1863
8218,Yellow-billed stork,10/6/2021,8/11/2021,1864
7659,"Pelican, australian",7/15/2021,7/26/2021,1865
8854,Emu,8/24/2021,5/15/2021,1866
6682,Three-banded plover,9/11/2021,7/23/2021,1867
6280,"Thrasher, curve-billed",4/23/2021,12/3/2020,1868
9405,Leopard,10/7/2021,1/25/2021,1869
5677,"White-eye, pale",3/17/2021,9/28/2021,1870
8353,"Gonolek, burchell's",2/25/2021,1/8/2021,1871
3024,"Heron, gray",8/15/2021,6/16/2021,1872
7065,"Marmot, hoary",7/15/2021,10/12/2021,1873
2466,"Otter, oriental short-clawed",8/18/2021,12/24/2020,1874
4471,Frog (unidentified),12/6/2020,2/14/2021,1875
7212,"Bee-eater, nubian",7/26/2021,9/3/2021,1876
3907,"Plover, blacksmith",3/9/2021,2/8/2021,1877
3646,"Crane, blue",4/18/2021,11/2/2021,1878
9348,Blacksmith plover,7/19/2021,7/26/2021,1879
3290,"Eagle, white-bellied sea",6/30/2021,6/21/2021,1880
1007,Prairie falcon,1/15/2021,9/16/2021,1881
7193,Scaly-breasted lorikeet,10/13/2021,7/17/2021,1882
1241,"Mynah, common",9/3/2021,3/23/2021,1883
2073,"Oryx, fringe-eared",11/12/2020,9/20/2021,1884
6299,Blackbuck,5/20/2021,10/5/2021,1885
5316,Wood pigeon,6/24/2021,6/11/2021,1886
6524,"Sungazer, yellow-brown",11/16/2020,12/6/2020,1887
6354,Water monitor,3/8/2021,3/30/2021,1888
7983,Rhesus macaque,12/20/2020,4/4/2021,1889
6309,Common wombat,1/27/2021,7/12/2021,1890
2109,Cereopsis goose,6/17/2021,10/25/2021,1891
5879,Javan gold-spotted mongoose,8/16/2021,11/26/2020,1892
6504,Common green iguana,4/18/2021,12/17/2020,1893
8035,Indian tree pie,2/19/2021,11/12/2020,1894
8313,"Fowl, helmeted guinea",3/27/2021,12/17/2020,1895
6219,Common wombat,4/3/2021,5/6/2021,1896
3364,Buttermilk snake,5/6/2021,10/31/2021,1897
1156,"Goat, mountain",8/24/2021,11/24/2020,1898
2856,Chestnut weaver,6/1/2021,12/31/2020,1899
8212,"Moccasin, water",11/29/2020,4/8/2021,1900
5338,Red-shouldered glossy starling,7/4/2021,10/11/2021,1901
1286,Galapagos sea lion,7/14/2021,5/4/2021,1902
2199,"Lion, south american sea",1/10/2021,11/27/2020,1903
3332,Chital,3/21/2021,7/19/2021,1904
3531,Common shelduck,6/17/2021,9/8/2021,1905
4277,European wild cat,2/3/2021,8/5/2021,1906
2768,Oriental white-backed vulture,10/28/2021,5/2/2021,1907
7218,Blue-faced booby,3/20/2021,6/22/2021,1908
3662,African clawless otter,4/3/2021,10/20/2021,1909
2787,"Plover, blacksmith",9/3/2021,8/3/2021,1910
6697,Coyote,12/20/2020,2/26/2021,1911
3549,Madagascar hawk owl,12/13/2020,9/6/2021,1912
5893,Brush-tailed bettong,5/2/2021,12/26/2020,1913
3235,Red lava crab,3/19/2021,4/2/2021,1914
4051,Greater blue-eared starling,9/4/2021,5/26/2021,1915
8763,"Bee-eater, white-fronted",6/21/2021,3/26/2021,1916
3708,Woolly-necked stork,3/3/2021,2/27/2021,1917
3181,Great white pelican,10/29/2021,9/29/2021,1918
4940,"Sifaka, verreaux's",9/9/2021,7/24/2021,1919
7269,Spotted-tailed quoll,7/15/2021,3/3/2021,1920
6239,American crow,10/2/2021,12/24/2020,1921
6443,"Gnu, brindled",7/9/2021,6/12/2021,1922
4742,Scarlet macaw,3/11/2021,11/9/2020,1923
6718,"Pintail, bahama",1/23/2021,3/24/2021,1924
6008,Field flicker,11/1/2021,5/22/2021,1925
6963,Blue waxbill,12/11/2020,3/15/2021,1926
2357,"Devil, tasmanian",12/16/2020,6/21/2021,1927
9390,Pied kingfisher,3/25/2021,2/14/2021,1928
4400,Tiger,10/3/2021,1/26/2021,1929
6077,Denham's bustard,8/16/2021,9/14/2021,1930
3869,Gerbil (unidentified),6/13/2021,7/31/2021,1931
2868,Asian false vampire bat,7/4/2021,8/23/2021,1932
4462,"Squirrel, uinta ground",6/13/2021,1/28/2021,1933
6394,Grey lourie,11/1/2021,9/21/2021,1934
2260,"Gecko, tokay",6/2/2021,12/12/2020,1935
8456,"Cardinal, red-capped",2/2/2021,4/8/2021,1936
7863,Dama wallaby,12/27/2020,3/14/2021,1937
9881,Little blue penguin,4/10/2021,2/13/2021,1938
3646,Miner's cat,11/5/2021,10/24/2021,1939
8895,Eurasian hoopoe,11/29/2020,8/22/2021,1940
6533,Southern white-crowned shrike,11/7/2020,12/18/2020,1941
8448,Blackbuck,2/23/2021,3/6/2021,1942
1795,"Gull, southern black-backed",7/19/2021,5/22/2021,1943
9404,"Lizard, frilled",12/17/2020,2/15/2021,1944
3922,"Deer, swamp",6/4/2021,7/30/2021,1945
6442,"Booby, blue-footed",7/10/2021,5/8/2021,1946
8264,"Vulture, egyptian",12/31/2020,12/27/2020,1947
9490,Woodrat (unidentified),1/10/2021,4/10/2021,1948
3113,"Fox, silver-backed",4/17/2021,5/27/2021,1949
4640,Olive baboon,8/4/2021,8/14/2021,1950
2483,Great kiskadee,5/18/2021,2/17/2021,1951
9055,Platypus,9/26/2021,12/21/2020,1952
4450,"Lion, african",8/18/2021,4/14/2021,1953
5971,Long-finned pilot whale,7/1/2021,10/14/2021,1954
9564,Blue wildebeest,1/31/2021,4/28/2021,1955
4565,Gerbil (unidentified),2/15/2021,10/6/2021,1956
9087,"Sloth, pale-throated three-toed",11/10/2020,10/30/2021,1957
2038,Western bearded dragon,10/11/2021,9/18/2021,1958
4719,"Genet, common",8/4/2021,8/16/2021,1959
4540,Cheetah,2/19/2021,1/20/2021,1960
6583,"Boa, emerald green tree",10/22/2021,7/14/2021,1961
8005,"Insect, stick",9/26/2021,8/25/2021,1962
5874,"Frogmouth, tawny",12/22/2020,12/25/2020,1963
4599,Goliath heron,11/2/2021,7/16/2021,1964
8660,Wild water buffalo,4/8/2021,9/11/2021,1965
2294,Tree porcupine,10/31/2021,5/4/2021,1966
5883,"Monkey, black spider",1/17/2021,1/10/2021,1967
1758,Pine siskin,10/1/2021,4/14/2021,1968
2233,"Pelican, great white",7/13/2021,8/26/2021,1969
9607,White-browed owl,12/31/2020,10/8/2021,1970
1874,Pied avocet,11/15/2020,7/23/2021,1971
6123,Green heron,10/9/2021,1/3/2021,1972
1101,"Boa, mexican",10/16/2021,7/28/2021,1973
8113,"Raven, white-necked",1/1/2021,11/10/2020,1974
9104,"Ass, asiatic wild",12/28/2020,2/8/2021,1975
1027,Grison,8/20/2021,9/29/2021,1976
3564,"Bird, pied butcher",6/26/2021,1/5/2021,1977
9428,Violet-crested turaco,4/3/2021,10/8/2021,1978
1506,Silver-backed jackal,6/28/2021,4/23/2021,1979
9149,Chestnut weaver,11/10/2020,6/6/2021,1980
9262,Gemsbok,4/15/2021,11/7/2020,1981
4217,"Colobus, magistrate black",1/27/2021,11/29/2020,1982
4851,"Hyena, spotted",6/18/2021,9/17/2021,1983
9747,Small Indian mongoose,5/28/2021,12/2/2020,1984
2833,Smith's bush squirrel,10/18/2021,9/26/2021,1985
7029,Pocket gopher (unidentified),7/22/2021,10/31/2021,1986
3939,"Gazer, sun",1/19/2021,5/3/2021,1987
2420,Brown hyena,10/8/2021,9/18/2021,1988
6357,Brown pelican,7/17/2021,5/25/2021,1989
6086,"Turaco, violet-crested",9/29/2021,10/20/2021,1990
1942,"Stork, painted",8/16/2021,9/24/2021,1991
3406,Guerza,8/9/2021,1/4/2021,1992
7862,"Trotter, lily",4/17/2021,7/3/2021,1993
3200,"Stork, yellow-billed",12/14/2020,6/19/2021,1994
3990,"Sandpiper, spotted wood",3/15/2021,3/20/2021,1995
8468,Indian star tortoise,11/16/2020,8/23/2021,1996
3331,"Tern, arctic",5/5/2021,12/12/2020,1997
2639,Black-throated cardinal,6/17/2021,5/8/2021,1998
8490,Australian magpie,12/12/2020,6/7/2021,1999
9767,Bent-toed gecko,11/5/2021,7/9/2021,2000
7476,Australian spiny anteater,12/16/2020,12/10/2020,2001
1595,Barrows goldeneye,8/5/2021,6/12/2021,2002
8332,"Sheathbill, snowy",5/8/2021,12/3/2020,2003
6695,Stanley crane,11/21/2020,1/11/2021,2004
1691,"Weaver, red-billed buffalo",2/22/2021,9/2/2021,2005
8607,"Kudu, greater",9/5/2021,9/17/2021,2006
3731,Black-capped capuchin,3/12/2021,3/8/2021,2007
2452,"Cormorant, javanese",12/4/2020,5/27/2021,2008
4590,"Vulture, white-headed",11/25/2020,1/25/2021,2009
6072,"Bulbul, african red-eyed",9/27/2021,1/10/2021,2010
1324,Arboral spiny rat,3/23/2021,2/12/2021,2011
9302,"Crane, stanley",9/23/2021,9/10/2021,2012
6104,"Salmon, sockeye",8/8/2021,8/25/2021,2013
7347,Tropical buckeye butterfly,1/24/2021,4/4/2021,2014
6591,Pronghorn,4/15/2021,6/14/2021,2015
6462,Ant (unidentified),6/14/2021,1/30/2021,2016
3641,Woylie,6/11/2021,3/7/2021,2017
9026,Yellow-billed stork,7/19/2021,1/12/2021,2018
9955,"Starling, cape",1/27/2021,6/14/2021,2019
9161,Blue waxbill,8/22/2021,1/2/2021,2020
8710,Long-finned pilot whale,10/25/2021,8/24/2021,2021
9182,Southern sea lion,12/28/2020,7/6/2021,2022
2279,"Crane, black-crowned",10/18/2021,7/2/2021,2023
8008,"Stilt, black-winged",10/11/2021,10/20/2021,2024
3188,"Dragonfly, russian",6/1/2021,3/28/2021,2025
9326,Green heron,8/16/2021,8/10/2021,2026
4457,Gerbil (unidentified),1/21/2021,11/25/2020,2027
9646,Paca,12/8/2020,11/10/2020,2028
6385,"Lion, asian",6/8/2021,7/31/2021,2029
7079,Leopard,10/16/2021,9/21/2021,2030
4244,Snowy egret,6/11/2021,7/13/2021,2031
6631,"Gull, silver",5/12/2021,11/21/2020,2032
9496,Mountain duck,1/6/2021,9/14/2021,2033
7372,"Loris, slender",6/2/2021,7/6/2021,2034
1579,"Deer, white-tailed",6/23/2021,12/16/2020,2035
4416,"Hawk-eagle, crowned",5/29/2021,2/15/2021,2036
3362,Red-shouldered glossy starling,9/15/2021,5/8/2021,2037
9760,Kongoni,9/19/2021,1/9/2021,2038
8150,Asian water dragon,8/19/2021,5/23/2021,2039
4469,"Vulture, white-rumped",7/31/2021,4/23/2021,2040
6769,"Bulbul, black-fronted",3/30/2021,7/15/2021,2041
5047,Jungle cat,7/9/2021,10/7/2021,2042
7586,Common boubou shrike,10/30/2021,7/28/2021,2043
7702,Common eland,10/7/2021,3/6/2021,2044
5679,"Flycatcher, tyrant",6/19/2021,11/3/2021,2045
5692,"Monitor, white-throated",8/5/2021,1/11/2021,2046
2119,Oriental short-clawed otter,10/8/2021,5/28/2021,2047
7101,"Flamingo, chilean",10/14/2021,3/22/2021,2048
3712,Cougar,8/2/2021,6/1/2021,2049
4051,"Gull, herring",3/22/2021,3/16/2021,2050
2064,White-faced whistling duck,3/13/2021,8/30/2021,2051
9324,Clark's nutcracker,2/14/2021,8/4/2021,2052
2148,"Rattlesnake, eastern diamondback",7/11/2021,6/18/2021,2053
5062,"Sheep, american bighorn",8/23/2021,6/19/2021,2054
2495,Indian leopard,12/8/2020,12/10/2020,2055
6851,Bushpig,4/18/2021,7/8/2021,2056
9659,Indian peacock,3/26/2021,2/27/2021,2057
2494,White-bellied sea eagle,10/22/2021,10/27/2021,2058
7048,"Opossum, american virginia",8/8/2021,12/29/2020,2059
5155,"Plover, blacksmith",4/16/2021,5/18/2021,2060
1496,Sulfur-crested cockatoo,3/15/2021,4/16/2021,2061
4383,Bare-faced go away bird,12/15/2020,12/11/2020,2062
9562,Australian brush turkey,7/25/2021,1/6/2021,2063
1331,"Kingfisher, pied",1/13/2021,7/2/2021,2064
6872,Black spider monkey,10/19/2021,8/2/2021,2065
6844,Polar bear,1/28/2021,6/12/2021,2066
1196,"Gazer, sun",3/17/2021,11/30/2020,2067
2469,Roseate cockatoo,2/4/2021,3/16/2021,2068
2330,Bateleur eagle,6/11/2021,12/31/2020,2069
4365,Desert spiny lizard,1/23/2021,5/17/2021,2070
4061,Koala,8/3/2021,2/5/2021,2071
2922,Little grebe,6/15/2021,10/31/2021,2072
6482,"Goose, spur-winged",3/24/2021,10/27/2021,2073
9664,"Cliffchat, mocking",6/8/2021,11/8/2020,2074
3917,Brindled gnu,6/13/2021,10/29/2021,2075
2957,Elegant crested tinamou,11/9/2020,6/12/2021,2076
9736,Small-spotted genet,6/19/2021,7/22/2021,2077
6111,"Flamingo, roseat",10/31/2021,12/13/2020,2078
1648,Grison,8/31/2021,4/30/2021,2079
6586,American bison,6/28/2021,1/7/2021,2080
8450,Columbian rainbow boa,10/10/2021,1/18/2021,2081
9672,Oriental white-backed vulture,2/21/2021,10/18/2021,2082
4659,Short-nosed bandicoot,8/16/2021,4/22/2021,2083
6138,"Insect, stick",3/21/2021,3/23/2021,2084
6017,Giant otter,12/7/2020,8/25/2021,2085
1988,African fish eagle,8/18/2021,4/30/2021,2086
8518,"Cat, toddy",3/31/2021,8/8/2021,2087
9608,Mule deer,8/15/2021,3/24/2021,2088
3649,"Waterbuck, defassa",2/4/2021,8/29/2021,2089
2599,Steenbok,5/18/2021,7/25/2021,2090
8689,Common turkey,11/19/2020,6/26/2021,2091
5665,"Goose, egyptian",7/8/2021,11/13/2020,2092
1718,Marine iguana,11/22/2020,7/30/2021,2093
1305,"Cliffchat, mocking",3/23/2021,12/28/2020,2094
8858,Bobcat,11/28/2020,9/28/2021,2095
9634,Blue shark,6/30/2021,3/19/2021,2096
4341,"Goat, mountain",8/14/2021,7/2/2021,2097
5028,Mississippi alligator,8/6/2021,1/17/2021,2098
4064,"Tern, white-winged",1/28/2021,3/4/2021,2099
