vetID,first_name,last_name,email,password,createdAt
1001,Batholomew,Filkin,bfilkin0@ustream.tv,VMJImeTCEEaB,2020-12-19 02:37:52
1002,Cymbre,Tarquini,ctarquini1@amazonaws.com,yJIKgHY,2021-10-25 14:22:02
1003,Miguelita,Bonett,mbonett2@walmart.com,kDPV8C,2020-12-15 10:10:13
1004,Marji,Bancroft,mbancroft3@webmd.com,4iF9Ag,2021-10-07 09:20:52
1005,Ina,Nesfield,inesfield4@pbs.org,s94RwvSkdP,2021-02-07 02:15:55
1006,Gan,Demangel,gdemangel5@sfgate.com,m3tVLDpQgDq,2021-03-09 20:23:43
1007,Caron,d' Eye,cdeye6@simplemachines.org,qA4zB1XivI,2021-09-15 03:39:44
1008,Pinchas,Kohn,pkohn7@cafepress.com,tA5iXdMuEe,2021-07-29 04:21:32
1009,Bondon,Basillon,bbasillon8@e-recht24.de,KgNDMvQZA,2021-02-10 09:21:43
1010,Ilka,Povlsen,ipovlsen9@bluehost.com,dwReqzf,2021-01-15 19:26:33
