userID,createdAt,customerID,password,email,first_name,last_name
1003,2021-07-07 02:44:34,3895,7yExAzLZKr,wrock0@hugedomains.com,Winthrop,Rock
1002,2021-02-19 11:28:17,5363,rRdFIKp,krichemont1@sbwire.com,Keir,Richemont
1005,2021-05-09 02:00:56,7375,FfxZOFIWH,gtiernan2@japanpost.jp,Gale,Tiernan
1002,2021-05-03 22:18:32,6882,AaZyupP,mdundridge3@reuters.com,Mignon,Dundridge
1006,2021-06-11 14:18:18,9953,PpSHaeB,placer4@cbsnews.com,Pierette,Lacer
1000,2021-06-04 06:52:32,4480,JCMEwEjio,jjindrak5@ebay.com,Jeramey,Jindrak
1002,2021-10-05 22:43:01,8308,B4rFh6BnpQ3,nduncanson6@google.nl,Natala,Duncanson
1003,2021-01-06 21:45:06,9885,PRLluYvE3,emckeighan7@ow.ly,Elianora,McKeighan
1001,2021-06-14 16:45:00,1286,MsYAfXnud,twhittlesee8@imageshack.us,Tawsha,Whittlesee
1002,2021-04-13 12:56:56,5323,JJa0p3D3,bmilton9@discovery.com,Brander,Milton
1008,2021-05-08 07:37:45,7971,LLHCAKID,tjouhana@twitpic.com,Tiphanie,Jouhan
1009,2021-10-06 22:31:08,7928,tGHheUoXyH2X,tkesbyb@gnu.org,Tadeas,Kesby
1005,2021-09-25 07:45:37,5796,DOzB2ZbiAMCH,ncreboc@cargocollective.com,Nola,Crebo
1008,2021-08-09 08:01:34,8388,yJV8nzclU6,acroked@163.com,Albertine,Croke
1009,2021-10-09 14:17:34,8176,1z84Rl,dfoulchere@senate.gov,Devi,Foulcher
1002,2021-03-17 21:13:00,3220,rltNFq,fgotfreyf@washingtonpost.com,Franky,Gotfrey
1006,2021-07-14 17:47:36,1464,skK563t,cmotteg@usda.gov,Corrie,Motte
1003,2021-04-07 15:11:09,3947,FY7NHFcuUT0o,dortegah@t-online.de,Devonna,Ortega
1002,2021-05-04 20:40:07,6921,4mupHcfi,hschruuri@usda.gov,Herminia,Schruur
1000,2021-05-12 13:41:22,3407,nCoyCkfV,ctearlej@wikia.com,Catie,Tearle
1000,2021-06-11 00:39:21,2835,KbbZce,rglynnek@loc.gov,Rodd,Glynne
1002,2021-07-23 18:40:06,6459,rVi2vXNbAZ0,adowgilll@ucla.edu,Agnese,Dowgill
1002,2020-11-19 08:54:14,6319,1pKyUgfj4,maudleym@hatena.ne.jp,Martha,Audley
1001,2021-02-08 18:26:20,6883,yg4o1k,csnelgroven@nyu.edu,Cirillo,Snelgrove
1005,2020-12-29 04:43:54,1718,ZPVScoG2w,rpenswicko@trellian.com,Robin,Penswick
1001,2021-10-18 14:53:51,1987,d9vKGHyVzC,dcanelasp@yahoo.com,Dene,Canelas
1009,2021-08-21 20:16:21,8531,Zp8rVqcDNq,plangfatq@t-online.de,Pearle,Langfat
1006,2021-05-28 23:59:14,7719,idK7VfMGtw,cdeguarar@aol.com,Corabella,Deguara
1007,2021-11-05 18:18:40,9754,yLwyhxCNXjnj,acooppers@cpanel.net,Abby,Coopper
1001,2021-08-22 13:36:10,4214,Tc8qSVf,fellacombet@wiley.com,Fredelia,Ellacombe
1001,2021-06-28 16:35:06,4481,MmNTJW,nbillingtonu@facebook.com,Nerta,Billington
1007,2021-02-27 08:19:05,7589,cRvZw3,gyallopv@yellowpages.com,Garnet,Yallop
1007,2020-11-11 04:38:42,7916,CdNtequoqu0c,emongetw@creativecommons.org,Eleanore,Monget
1009,2021-09-21 09:15:36,5381,wm9z2Z6,cmyringx@prlog.org,Cliff,Myring
1004,2021-08-15 15:51:05,2585,I8v70Ik,cpatterfieldy@ted.com,Carlie,Patterfield
1009,2020-11-29 06:17:50,5908,1AUgRLlGdvf,wjentz@wsj.com,Wynn,Jent
1008,2021-07-07 13:59:07,9464,DXqfpd,shaighton10@fema.gov,Simone,Haighton
1003,2020-12-16 15:34:03,5663,LILHnFWbhCrP,floveless11@ebay.co.uk,Ford,Loveless
1005,2021-08-21 16:36:05,7848,w2JBq0uT,econeron12@tumblr.com,Eimile,Coneron
1007,2021-11-02 19:28:11,6109,epAIwd,xgilcriest13@aol.com,Xerxes,Gilcriest
1007,2021-08-23 16:33:25,4274,n5q2UJ9GH,kdagnan14@indiegogo.com,Keir,Dagnan
1003,2021-06-21 04:49:31,5381,g2T37OIND6,ajarritt15@wikipedia.org,Ab,Jarritt
1001,2021-05-06 15:29:46,2330,pRsZmJImL4ri,dnoad16@illinois.edu,Devan,Noad
1005,2021-09-11 18:18:29,9020,CHG5Tl,lmacconaghy17@cpanel.net,Lonnard,Macconaghy
1009,2021-02-21 20:32:42,5628,z1ABAVC,mdesport18@businessweek.com,Murry,Desport
1003,2021-09-18 22:10:25,6743,kIpaIY,sdargan19@china.com.cn,Shermie,Dargan
1008,2021-06-25 22:51:16,1918,oyTzN1VPx8o,apatinkin1a@craigslist.org,Ave,Patinkin
1009,2021-01-09 13:09:35,4518,R6NOcu,hbeatens1b@wufoo.com,Hernando,Beatens
1002,2021-10-07 16:04:11,8062,9XD5YPleNY,cjaumet1c@merriam-webster.com,Christalle,Jaumet
1006,2021-09-12 05:39:09,7497,MEEO62ld,jramiro1d@nature.com,Justinn,Ramiro
1010,2020-11-26 22:48:20,5661,rMbYyaZb,abonar1e@histats.com,Arabela,Bonar
1009,2021-08-11 01:34:17,1978,vP2UfcINR,aeastwood1f@techcrunch.com,Adelbert,Eastwood
1005,2021-02-12 13:34:53,5034,zAdsBNGpOtb,jmacsporran1g@over-blog.com,Josie,MacSporran
1008,2021-05-08 09:05:59,6867,mSBRicFk9nz,bnester1h@biblegateway.com,Benni,Nester
1000,2020-12-18 09:45:43,9634,NxkpHMBK0D,mcuniam1i@miibeian.gov.cn,Marley,Cuniam
1009,2021-04-16 17:12:10,5708,TBMkcw3f,bloddon1j@goo.ne.jp,Brittni,Loddon
1003,2021-04-19 13:18:18,1079,H9Q1eG5BA,wstooders1k@vinaora.com,Web,Stooders
1000,2021-02-22 22:35:02,2989,dyI1jwa18nd,jcheesman1l@mac.com,Joana,Cheesman
1009,2021-09-24 03:51:47,9307,QpMoXnH07c7C,jpoints1m@histats.com,Jamey,Points
1005,2021-09-06 13:20:09,9231,Pjddgh6,cform1n@ucla.edu,Cornela,Form
1008,2021-10-31 05:41:30,4733,JVKg0UpQlO,dleveret1o@gmpg.org,Diane-marie,Leveret
1005,2021-08-26 15:20:20,2905,xLbTuJ4jZr8z,lfominov1p@google.it,Lisle,Fominov
1005,2021-08-18 22:35:58,7118,r1hC9d,acluely1q@flickr.com,Angeline,Cluely
1009,2021-09-03 20:57:25,4797,CmgrOtv,lmathey1r@ox.ac.uk,Lavinia,Mathey
1001,2021-09-08 12:01:28,1309,k3YkoUqFCi,gjedrysik1s@cocolog-nifty.com,Gib,Jedrysik
1009,2021-04-26 19:59:17,5535,JThOMHK,lpaiton1t@mozilla.com,Lizabeth,Paiton
1001,2021-09-27 15:02:39,3179,KmkHrRpHS,sdyers1u@eventbrite.com,Sisile,Dyers
1009,2021-01-27 10:46:28,4325,irtht4YT5l,porro1v@admin.ch,Paulie,Orro
1000,2021-03-31 17:14:54,6094,NQRqlPh,cbleibaum1w@facebook.com,Cathrine,Bleibaum
1006,2020-11-13 23:49:53,7470,h8cCLVPb,gmcneely1x@shareasale.com,Garvin,McNeely
1008,2021-08-03 20:30:36,2284,xkt8HU1A,tshere1y@census.gov,Torrance,Shere
1001,2021-04-20 14:25:11,3508,4XFZMswU4,tskittle1z@kickstarter.com,Tabb,Skittle
1007,2021-03-27 07:10:46,5987,Le6ofz6Hsm1L,ktullett20@google.com.au,Kynthia,Tullett
1006,2020-11-16 02:07:11,9089,plJ6eHiI1aC0,abennoe21@economist.com,Alta,Bennoe
1009,2021-04-12 10:06:52,4446,TcUHX1Utf,brathjen22@1und1.de,Brinn,Rathjen
1010,2021-01-24 22:32:51,9816,LX9nYXhCPi,fvarian23@springer.com,Farrell,Varian
1004,2021-08-06 04:00:18,1316,C60MKIkXc,ylovitt24@seesaa.net,Yoshiko,Lovitt
1001,2021-02-09 22:02:52,1643,LPW4f5,ecrippin25@miitbeian.gov.cn,Eberto,Crippin
1004,2021-09-19 12:24:25,5521,x8tXpD4DA,jdrewell26@businesswire.com,Jandy,Drewell
1005,2021-04-16 23:45:04,7895,Fhopil,mgreer27@apple.com,Melonie,Greer
1004,2021-03-16 13:24:48,9517,JjH3kL,eesgate28@kickstarter.com,Eilis,Esgate
1009,2021-10-24 13:07:02,2721,CKbDjFQz,fjerdan29@cornell.edu,Frederique,Jerdan
1002,2021-05-12 17:00:03,9647,x4HviRL5uA1j,wlindley2a@github.io,Winifred,Lindley
1001,2020-12-20 06:31:07,5895,S8eNqcSZ,tdorsett2b@issuu.com,Timothea,Dorsett
1010,2021-08-11 13:49:09,4792,vrndLGdjSqL,amackenzie2c@goodreads.com,Arvie,MacKenzie
1009,2021-01-25 17:09:21,9266,4R3PQEI7GJ00,hhasloch2d@cargocollective.com,Horacio,Hasloch
1000,2021-06-16 16:14:54,7295,GCf3tWbwSstk,earsnell2e@hatena.ne.jp,Eugene,Arsnell
1010,2021-10-22 23:09:23,7444,cE0HyJOUI,rcawsy2f@networkadvertising.org,Rafferty,Cawsy
1010,2021-08-02 08:41:05,9008,C6yalTku,lsaenz2g@harvard.edu,Lucien,Saenz
1008,2021-05-10 20:09:02,9209,eHssbQ,mtregonna2h@washington.edu,Midge,Tregonna
1004,2020-12-03 06:50:19,5771,idf97DVs9,goverstall2i@ft.com,Gusella,Overstall
1003,2021-06-01 01:27:36,1053,G28SW9tEL,serrowe2j@salon.com,Somerset,Errowe
1003,2020-12-08 03:57:03,6004,Y9TmDDIV,bpaulisch2k@alexa.com,Baldwin,Paulisch
1008,2021-07-28 16:36:48,4139,laLlgM,kpettett2l@rediff.com,Karine,Pettett
1007,2021-06-17 05:25:31,9137,5pHVwxnl4v,oalten2m@tuttocitta.it,Onfre,Alten
1005,2021-02-15 14:05:24,9469,1Xvz8flli,pwilshin2n@wsj.com,Philly,Wilshin
1002,2021-08-24 15:42:00,4079,mWf8ewBZZ,nchaikovski2o@webeden.co.uk,Norrie,Chaikovski
1000,2021-08-17 09:02:26,5362,D6SIJj,dknifton2p@dmoz.org,Dasi,Knifton
1006,2021-07-30 20:24:47,1021,5eGV27,dchannon2q@cdbaby.com,Darcee,Channon
1003,2021-07-28 05:04:24,5976,cjtk3r4r,ngilston2r@ibm.com,Nat,Gilston
1008,2021-07-28 16:59:50,6425,cVGYMZ0JkNsC,dmichelotti2s@google.ru,Dominica,Michelotti
1010,2021-08-06 14:48:06,1604,KJnGvDJz5,ddendle2t@ustream.tv,Dietrich,Dendle
1002,2021-03-05 23:43:04,4461,SlBowOfuDp8l,nreisen2u@nsw.gov.au,Natalie,Reisen
1010,2021-10-06 18:39:59,1855,Xhqm1oABW,otytler2v@freewebs.com,Oralla,Tytler
1008,2021-06-26 10:02:30,2066,MgqTMjj,mpfeffer2w@hao123.com,Michele,Pfeffer
1001,2021-07-24 12:21:17,8584,BM6qjDbne8z,gorrocks2x@webs.com,Gwennie,Orrocks
1000,2021-02-11 17:59:55,5948,zuSOPk0GZ,ajeannenet2y@answers.com,Aldis,Jeannenet
1005,2021-08-01 11:05:14,9632,OQ8EdtB,miannelli2z@deviantart.com,Murial,Iannelli
1007,2021-03-01 05:45:35,3110,i7ZQQhUtTRwp,ydwyr30@deviantart.com,Yolanda,Dwyr
1004,2021-06-06 13:08:54,2948,kHQLLN,rmorbey31@vistaprint.com,Randolf,Morbey
1001,2020-11-07 15:45:28,2378,GdVOWWUrJ,jluesley32@utexas.edu,Jeanne,Luesley
1009,2021-04-08 19:43:21,3351,U5JKDwv4,kbroadbent33@bbb.org,Katina,Broadbent
1008,2020-12-03 05:54:01,2981,BubLWRD5ttJc,awheelhouse34@army.mil,Amberly,Wheelhouse
1008,2021-08-21 17:54:41,4148,6F35GWOg,egingell35@goodreads.com,Ellie,Gingell
1007,2021-04-10 11:15:45,4627,hoxwGRx,lsiddon36@yale.edu,Lynn,Siddon
1009,2021-09-18 16:01:08,7721,NXuYYS3d,cconiff37@slideshare.net,Colette,Coniff
1002,2021-02-02 15:36:00,6159,dWB15vmsW7,mcarnell38@accuweather.com,Meredithe,Carnell
1009,2021-09-19 13:54:54,9635,uOGuwQozv1C,ulovel39@amazonaws.com,Ulysses,Lovel
1005,2021-10-07 09:51:19,1299,lBUl5hXb,llain3a@go.com,Lavina,Lain
1005,2020-12-29 14:21:50,9902,idGGD4NzaSV,jmcorkil3b@taobao.com,Jedediah,McOrkil
1005,2021-03-26 18:20:34,4321,CES5zuvVDmLD,amcilwraith3c@jugem.jp,Almeta,McIlwraith
1004,2021-09-20 09:07:36,6127,tAk31qBbbwhG,etimbridge3d@redcross.org,Ericha,Timbridge
1009,2021-09-27 11:02:58,7039,pXuQryc5D,kisakovic3e@google.de,Kylie,Isakovic
1004,2020-11-10 22:06:19,1336,KGN13D5,mcaven3f@seattletimes.com,Miner,Caven
1001,2021-10-10 05:39:24,6375,5yFfAhS8il,ggrigaut3g@1688.com,Gertrude,Grigaut
1002,2021-02-09 22:35:01,4338,QNGLc8,lshalliker3h@noaa.gov,Leshia,Shalliker
1008,2021-01-28 16:01:45,7911,nQfwqAdEo,ccallway3i@google.fr,Cobby,Callway
1004,2021-10-21 19:50:44,4836,9Vwl4b8Ndp5c,sgors3j@example.com,Staford,Gors
1008,2021-09-03 22:28:45,6413,ZDIAIm3tSOg,gmarsland3k@chicagotribune.com,Glendon,Marsland
1001,2021-06-28 19:48:13,3654,PjosxCETS,vstiven3l@linkedin.com,Virgil,Stiven
1010,2021-06-30 13:20:40,8483,VfAt9MA,acarlet3m@dot.gov,Aile,Carlet
1000,2021-01-31 15:27:57,4153,P0eBPMK,mmarquot3n@reverbnation.com,Minnnie,Marquot
1000,2021-03-09 05:22:36,1036,VM92hF6m,ibadsey3o@woothemes.com,Immanuel,Badsey
1001,2021-05-09 08:04:47,8707,A1HmdbcsC,epollins3p@patch.com,Elita,Pollins
1010,2021-04-20 00:07:58,7276,RX0lQxTl1WN,nbails3q@wikipedia.org,Nelli,Bails
1010,2021-07-21 19:34:52,4843,WLWWGVu9fPle,hlung3r@mayoclinic.com,Hamil,Lung
1005,2021-02-20 02:57:35,8053,VqBK31raB3,dbarense3s@patch.com,Doralin,Barense
1008,2021-06-03 14:31:26,5511,7JLpW8q,tcanadas3t@t.co,Tadeas,Canadas
1010,2021-05-27 07:18:41,2420,pX2t7LBjPT,fgumm3u@sakura.ne.jp,Fawne,Gumm
1002,2021-10-14 15:22:12,5565,oBIpWRzrQY,mdionisetti3v@xing.com,Manda,Dionisetti
1007,2021-06-03 21:22:20,1940,tvoWcgpj,pswafford3w@smh.com.au,Portia,Swafford
1001,2021-08-29 11:56:13,9909,suc5NGu,ihardingham3x@mysql.com,Ilaire,Hardingham
1005,2021-06-24 01:24:29,8500,Ek5gMx9177B7,rbarritt3y@sitemeter.com,Rock,Barritt
1001,2021-08-21 16:10:57,6600,REne3wA6XnLn,gfitt3z@nifty.com,Gerrilee,Fitt
1000,2021-09-28 06:49:02,9970,P8yaUAND,amcaviy40@berkeley.edu,Adorne,McAviy
1005,2021-07-08 02:28:24,2950,ll5xTeYfhp,gdoodson41@posterous.com,Geoffry,Doodson
1000,2021-08-07 06:05:19,3448,sI6YSW3,gpadkin42@myspace.com,Gertrudis,Padkin
1005,2021-04-10 06:48:40,6629,aiyAfH,hlismer43@webmd.com,Heath,Lismer
1004,2021-06-15 02:03:15,3311,j8poSVENo,amctrustram44@phpbb.com,Anica,McTrustram
1008,2021-04-09 07:55:14,1770,IKviQqM,smeadley45@geocities.jp,Sonni,Meadley
1003,2021-10-05 00:26:35,4015,f5CxU6l8,ieye46@pbs.org,Idette,Eye
1010,2021-10-11 05:34:16,3684,FK2jZ8pYN,alainton47@biglobe.ne.jp,Andre,Lainton
1001,2020-12-04 13:48:17,3103,R4sFvKYn,mbrickhill48@digg.com,Malissia,Brickhill
1004,2020-11-25 22:54:16,8437,VgJLVVxY1EIT,djohann49@nps.gov,Dave,Johann
1007,2021-04-20 04:15:06,2260,NDQarxAzC,abooley4a@about.com,Angeli,Booley
1002,2021-09-27 08:12:10,3166,5xORwRvOv,rbotler4b@macromedia.com,Rhea,Botler
1003,2021-01-25 15:42:26,8816,a3xQtMNgcm2p,pblaker4c@friendfeed.com,Paloma,Blaker
1000,2021-05-18 20:35:55,9573,UANkOOMY6q,lharverson4d@un.org,Lynn,Harverson
1003,2021-10-02 17:48:25,9771,h6WZgzgOtD,acorkill4e@tumblr.com,Anet,Corkill
1009,2020-11-11 01:16:46,2937,AsHPvIqOyDSc,fhastie4f@example.com,Fabe,Hastie
1001,2021-01-07 09:22:42,3306,BAwckPI,rlane4g@list-manage.com,Rolland,Lane
1003,2021-10-08 09:41:19,2435,E9tldyb5q,hlangthorne4h@rambler.ru,Harlie,Langthorne
1006,2021-09-11 21:17:21,4902,8awjZgkE,vpresnell4i@wufoo.com,Vincenz,Presnell
1000,2021-05-20 09:43:06,5403,ov7RQbCS6,cdainty4j@dmoz.org,Cathryn,Dainty
1009,2021-08-27 16:04:41,9288,phfwl9,dgerardi4k@skyrock.com,Danya,Gerardi
1002,2021-10-30 06:18:32,9605,G1Y8Jeveeg,abruhnsen4l@flickr.com,Antonina,Bruhnsen
1003,2021-04-15 17:51:24,8396,SjhfwbMI1Qei,cashplant4m@upenn.edu,Cecil,Ashplant
1000,2021-08-06 15:13:56,8089,YWnRnYos,ktorns4n@constantcontact.com,Kata,Torns
1006,2021-07-31 11:22:05,9570,RtQww3bYe,vfawcus4o@wp.com,Vanna,Fawcus
1007,2020-12-22 09:09:14,6340,2IB6i6cK,mwassell4p@newyorker.com,Myron,Wassell
1002,2020-12-31 01:25:20,4996,qrDf4pqmpVpp,bcaccavari4q@latimes.com,Brennen,Caccavari
1008,2020-12-10 19:00:33,8142,S8Pm59I,dmccallum4r@kickstarter.com,Diego,McCallum
1005,2021-10-07 22:31:40,9175,fuyIS2,jpagett4s@google.com.hk,Jakie,Pagett
1000,2021-11-04 05:26:41,2195,4pXZoM8,alenoir4t@desdev.cn,Adolphe,Lenoir
1005,2021-02-23 09:17:38,7298,dK0PSibqH2Ig,bhawkswood4u@xinhuanet.com,Bobbee,Hawkswood
1005,2021-11-03 04:54:39,4609,Os33afF,csummers4v@economist.com,Chrissy,Summers
1000,2021-01-25 18:41:56,1020,PD2TgTqKq898,msymington4w@g.co,Marjory,Symington
1007,2021-07-25 16:51:07,5353,vqMjyb3AYO4g,cfairest4x@xing.com,Ced,Fairest
1001,2021-09-12 19:47:17,1381,7WDPat,nshoesmith4y@google.fr,Neale,Shoesmith
1008,2020-11-11 17:04:18,9913,TKwqpIg,sbeckey4z@amazonaws.com,Shela,Beckey
1005,2021-02-10 00:59:07,2100,FJsqT4Rrkm4,siverson50@cargocollective.com,Stacey,Iverson
1001,2021-06-28 12:47:51,9037,sQ840Tsi,cseagrave51@ucla.edu,Chiquita,Seagrave
1008,2021-02-14 11:40:36,4237,NHjqGL,jmerriday52@mayoclinic.com,Jephthah,Merriday
1007,2021-07-27 15:57:40,9471,Ic3hSO,ljays53@cmu.edu,Lily,Jays
1003,2021-06-18 16:24:28,7553,VLW3CRV,nchadwell54@microsoft.com,Natala,Chadwell
1004,2021-05-10 13:10:15,8976,H7q9fPl,ecommings55@boston.com,Ettore,Commings
1010,2021-08-17 13:38:41,8337,VHcF81JyV,gsandyford56@360.cn,Georgianna,Sandyford
1009,2021-03-01 09:20:24,2707,2KKIryt,dpingston57@reference.com,Delilah,Pingston
1004,2021-03-19 23:27:20,7147,OwG9sa,vscrane58@mlb.com,Vernor,Scrane
1003,2020-11-19 12:29:05,8833,9u8wEk6,tgimeno59@gravatar.com,Tamar,Gimeno
1007,2020-11-18 00:58:32,1398,PG1zKB,pnormavell5a@blogs.com,Pietro,Normavell
1002,2021-04-07 04:32:20,5918,XxssJMhWbXvL,npirt5b@constantcontact.com,Nola,Pirt
1002,2021-03-14 15:06:06,4575,8APZg4OHnXF,sthorndale5c@admin.ch,Sophi,Thorndale
1007,2021-04-26 07:31:02,7934,jSs3uz4bKe,ssheridan5d@infoseek.co.jp,Sayers,Sheridan
1006,2021-07-15 00:19:29,8080,jaiSf1e6k6,bbonwick5e@sciencedaily.com,Berkie,Bonwick
1001,2021-05-07 19:18:20,9631,6rMMqzNxfYI,nberndsen5f@rambler.ru,Nancie,Berndsen
1008,2021-05-19 17:51:39,7405,VvAQGke,nhumpherston5g@dyndns.org,Nevins,Humpherston
1002,2021-07-16 03:02:47,4390,rNW20QN,mbarker5h@shop-pro.jp,Meagan,Barker
1006,2021-04-27 10:08:24,8343,R1W2ljiO,mgillitt5i@slideshare.net,Malchy,Gillitt
1003,2021-08-16 20:11:48,4917,EtlIeJc,rhaskayne5j@reverbnation.com,Ronnie,Haskayne
1004,2020-12-29 16:58:00,3002,9MoSCl2R50,bscholtis5k@yelp.com,Bud,Scholtis
1010,2021-10-17 19:56:46,7227,y6n1omUYBni,lmapam5l@parallels.com,Lorry,Mapam
1007,2021-10-21 18:54:12,2869,lbjriMA,hlanger5m@addthis.com,Haskell,Langer
1009,2021-01-07 19:51:45,4916,tOTm8OVLaDd,toharney5n@apple.com,Therese,O'Harney
1009,2021-08-11 18:12:13,6086,gpAK0OUR8R7X,dbramer5o@123-reg.co.uk,Dan,Bramer
1004,2021-03-21 05:53:45,4732,gzEzWG9h0ooB,dsilveston5p@storify.com,Dolores,Silveston
1008,2021-01-22 12:21:15,6142,Y9bxUD5cHv,mgerlts5q@imdb.com,Moina,Gerlts
1005,2021-03-18 19:32:09,6449,V66TWm,bboxhall5r@disqus.com,Barthel,Boxhall
1007,2021-10-25 15:31:43,3561,CBUmaRR,haneley5s@paginegialle.it,Huey,Aneley
1009,2021-09-04 21:31:40,1233,LTlEGToJR,bbraunton5t@thetimes.co.uk,Bunni,Braunton
1005,2020-12-03 21:51:31,2629,j9OWYwX3agoK,rfairhead5u@tuttocitta.it,Ruthanne,Fairhead
1007,2021-03-19 02:27:31,1473,LXS0msnLs4Hk,tmadigan5v@dedecms.com,Timmy,Madigan
1001,2021-09-13 02:08:59,8491,KzYLxouznYS,jmacdavitt5w@spotify.com,Jaquith,MacDavitt
1000,2020-12-23 18:01:51,6517,a2CbeA,rschenfisch5x@comcast.net,Rock,Schenfisch
1010,2021-04-19 11:13:50,7397,eMK6OBpEl,mduling5y@eventbrite.com,Marguerite,Duling
1000,2021-04-26 16:33:18,4036,rgzK5D,icuttler5z@scientificamerican.com,Irvin,Cuttler
1006,2021-05-16 19:52:56,9599,XXeBjjw01KU4,lhanratty60@sbwire.com,Lexy,Hanratty
1000,2020-12-12 17:41:24,4618,UOt7UKJ9KEY,cbewfield61@blogtalkradio.com,Cole,Bewfield
1009,2021-01-07 10:17:53,3529,pdb5d1,gwais62@soundcloud.com,Germana,Wais
1001,2020-12-14 04:04:15,6105,vuKZqRDz,dcastrillo63@mit.edu,Dolly,Castrillo
1009,2021-04-29 21:40:20,5440,1kB0czzpA,bgoldberg64@wunderground.com,Berty,Goldberg
1001,2021-03-22 07:32:08,1091,ZFLXTRo,bbrager65@usnews.com,Bernardine,Brager
1003,2021-05-27 02:48:18,4499,1fihA4aM,sjosum66@paginegialle.it,Spense,Josum
1002,2021-05-02 03:40:05,4882,QtF01a2u3v,hlayson67@networksolutions.com,Herve,Layson
1002,2021-01-22 01:07:39,1492,fWdRl89b16,dpennick68@theatlantic.com,Danya,Pennick
1008,2021-05-19 15:28:07,4659,qMbAON,jpatience69@mit.edu,Jenna,Patience
1003,2021-08-18 01:11:32,1546,BX6SdvCmkI,mcoopper6a@ftc.gov,Meris,Coopper
1009,2020-12-22 21:24:58,3351,zY9jbhW,jcharteris6b@microsoft.com,Joanne,Charteris
1005,2021-04-24 08:56:48,6726,oX4l09oND2tQ,tleyes6c@webs.com,Tamera,Leyes
1008,2020-11-10 21:09:21,6160,4aBYtVnHes7,afain6d@narod.ru,Abner,Fain
1004,2021-06-09 03:06:53,9934,PWXrGU6r,hthomelin6e@w3.org,Hughie,Thomelin
1010,2021-04-19 17:02:01,2112,wtHbUhNl,tmcdirmid6f@hatena.ne.jp,Tomasine,McDirmid
1006,2021-07-02 10:31:49,9253,iMyMeQW,wjakaway6g@mit.edu,Wilona,Jakaway
1004,2021-04-28 13:38:54,3192,iVdeUVZ5tU,nbenitti6h@parallels.com,Netty,Benitti
1003,2021-03-03 17:43:47,2674,bgq8inL,dkidby6i@gmpg.org,Dannel,Kidby
1000,2021-01-26 23:54:22,5465,r2UfdsnrBjmO,lspeariett6j@i2i.jp,Lanni,Speariett
1004,2021-05-19 22:40:14,3507,Bj186SzOe,wberridge6k@baidu.com,Waly,Berridge
1001,2021-10-10 20:57:51,6534,ClNRPCcZb,sisenor6l@pinterest.com,Sibyl,Isenor
1006,2021-04-23 00:38:00,2893,XZaMnaqIo,mbeernaert6m@lycos.com,Marnia,Beernaert
1004,2021-02-28 17:32:48,8766,0bBstInG,mbunch6n@pbs.org,Mikkel,Bunch
1009,2021-08-01 20:40:14,2980,g65hiqJ,cbowra6o@nymag.com,Celestia,Bowra
1009,2021-09-25 19:04:39,4716,P19k2rZV,bmolineaux6p@people.com.cn,Bartholomeus,Molineaux
1003,2021-10-15 23:26:47,5982,K15FmTjgd,rvergo6q@bloglovin.com,Randolph,Vergo
1001,2021-10-02 05:15:33,9914,Yvu1NTs,aneasam6r@japanpost.jp,Adelaida,Neasam
1004,2021-04-16 14:15:12,8300,A51niPxG9xL,jlampard6s@fda.gov,Jarad,Lampard
1008,2021-05-13 14:49:06,5205,eDgW8ndt9,cvanthoog6t@virginia.edu,Correna,Van T'Hoog
1003,2021-04-05 05:09:20,1906,Qr9YlsC,akilmister6u@cnbc.com,Aarika,Kilmister
1002,2021-01-19 23:13:43,8787,e1pzAw,mfeatherby6v@pcworld.com,Milli,Featherby
1005,2021-09-28 06:15:10,3323,SVWF21,dbreukelman6w@mysql.com,Denna,Breukelman
1000,2021-04-17 16:18:48,2471,OOdvWT,gsurgeoner6x@nydailynews.com,Gilligan,Surgeoner
1008,2020-12-30 22:54:10,3365,QSA6TiKaZeC,snast6y@wufoo.com,Susy,Nast
1005,2021-10-26 03:52:41,1515,Kir5u9,wchesser6z@posterous.com,Winfred,Chesser
1008,2021-07-09 21:58:33,6896,fD1U4Ci,amelding70@51.la,Aubine,Melding
1006,2021-02-27 01:07:57,6648,c3NZsmO,lhyndley71@reference.com,Lucius,Hyndley
1010,2021-09-30 01:47:32,1161,exVitK,lmouth72@bloglovin.com,Lawton,Mouth
1002,2021-04-02 06:03:58,6766,Iq2hbUZZoj7,wahrens73@amazon.de,Wenonah,Ahrens
1003,2021-09-05 00:34:21,3242,3i9t3pJ,bmacmaykin74@aol.com,Brewster,MacMaykin
1008,2021-08-09 01:24:44,7921,U2ICWmBjDS,dockwell75@vkontakte.ru,Dicky,Ockwell
1007,2021-10-15 22:49:23,9042,N6Mewclv9u,mbowld76@utexas.edu,Mattie,Bowld
1001,2020-12-24 13:41:45,2061,cDQ0Er,mcosby77@epa.gov,Margaretha,Cosby
1010,2021-05-19 10:53:59,1306,TuWdQBpq,ccawdell78@theatlantic.com,Constantine,Cawdell
1004,2021-09-18 09:36:25,2081,4TJ9Lqu,tclementucci79@ox.ac.uk,Trueman,Clementucci
1008,2021-01-20 02:30:54,7151,PTZnTJ,ssmalley7a@goodreads.com,Sydney,Smalley
1008,2021-06-06 02:11:05,5700,OGqnsroQO0PO,vlaker7b@shutterfly.com,Veronike,Laker
1001,2021-05-15 15:01:39,5658,qpA4VYI,hgrene7c@tinypic.com,Helen-elizabeth,Grene
1002,2021-04-24 19:34:02,3595,mQD3GvIuME,lwaggatt7d@china.com.cn,Lorry,Waggatt
1000,2021-09-09 08:42:45,2667,qtmA8m,amatejovsky7e@ow.ly,Almeta,Matejovsky
1006,2021-04-30 01:29:38,9247,P6Nd3ZCuYVV,plyngsted7f@infoseek.co.jp,Prudence,Lyngsted
1001,2021-02-23 02:25:52,7882,prUskc7ZG,asemour7g@networksolutions.com,Abbie,Semour
1006,2021-09-19 00:41:39,6088,3PK0hl,sbecke7h@google.cn,Shandy,Becke
1010,2021-08-04 01:03:58,3745,N8OUzU8UeWr,iconnock7i@list-manage.com,Ivonne,Connock
1008,2021-10-17 13:21:08,2511,o29Uf77RwJ,grosewall7j@mashable.com,Gaven,Rosewall
1000,2021-01-18 20:43:35,8181,D6C5J4Gn7,jmould7k@geocities.jp,Jeanelle,Mould
1006,2021-07-14 02:17:08,5169,DgWwwVsb,lbridel7l@tinypic.com,Lindsey,Bridel
1006,2020-11-07 12:53:28,1007,EXET5ne,lduetsche7m@unesco.org,Lilian,Duetsche
1008,2020-12-01 14:30:02,3740,zLZwnHOakZm,ofarington7n@moonfruit.com,Olly,Farington
1002,2021-07-30 13:21:09,1877,EpfWrcwui,sbroadbent7o@cloudflare.com,Sutton,Broadbent
1002,2021-05-10 08:56:31,4209,grTPU9gTY,jmercik7p@quantcast.com,Jo,Mercik
1007,2021-10-20 22:19:01,2314,MhCrknC,jpenrose7q@cbsnews.com,Janeta,Penrose
1007,2021-02-21 17:17:22,8962,035vppgxO8hl,weagers7r@yellowbook.com,Wilie,Eagers
1001,2021-10-29 09:53:45,4002,pgeYmsqS,lbesantie7s@studiopress.com,Loni,Besantie
1001,2021-10-25 15:30:27,5556,38HxqFZbd6,kdezuani7t@who.int,Keven,De Zuani
1000,2021-03-20 16:23:51,3604,ce40rdm,dchaloner7u@amazon.com,Drucy,Chaloner
1006,2021-08-06 10:32:03,8102,lTGKtG3ITU4,kandreolli7v@twitter.com,Kaylee,Andreolli
1006,2021-02-11 23:31:30,7513,czghm7,mroote7w@alibaba.com,Malena,Roote
1010,2021-06-04 11:58:01,3061,XW6CPN,psails7x@thetimes.co.uk,Paule,Sails
1003,2021-06-18 02:09:09,1371,QE6N8s,btschirasche7y@scribd.com,Bartram,Tschirasche
1001,2021-02-14 21:04:16,7211,iW1DxvaSuTKe,lordelt7z@purevolume.com,Luke,Ordelt
1010,2020-12-13 23:52:11,5398,MXfU1fc,acecil80@posterous.com,Ashley,Cecil
1002,2021-01-05 08:48:17,6135,6iLbbh,qmcgeorge81@kickstarter.com,Quinta,McGeorge
1004,2020-12-14 20:36:52,5315,KqmE9VX,kaustins82@tiny.cc,Karla,Austins
1007,2021-04-09 14:10:15,6989,fTGPgN2wa,otyres83@ted.com,Orazio,Tyres
1004,2021-06-14 14:32:43,9223,XkDKT7o9L,rglendining84@apache.org,Reggy,Glendining
1001,2021-04-24 17:57:59,7186,rQsBgQRYwdAY,bshale85@slideshare.net,Byrom,Shale
1003,2020-12-03 20:42:14,7930,5DYJItDVi5,cneesam86@people.com.cn,Carlin,Neesam
1008,2021-08-26 07:26:27,9335,EB5p6Q,dscudder87@ezinearticles.com,Daryle,Scudder
1010,2020-11-20 11:37:45,2267,onlVGWi,jhandsheart88@edublogs.org,Jessee,Handsheart
1001,2021-09-10 12:10:00,6238,3WwGXY9,tshedden89@google.fr,Truda,Shedden
1004,2021-08-23 18:40:08,9762,eD45lR2I9O,blethcoe8a@shinystat.com,Bayard,Lethcoe
1007,2021-07-17 23:49:10,9326,l4QfeWNmB,bboss8b@ow.ly,Bertine,Boss
1000,2021-06-04 05:37:41,5999,cMiMb0G,fsavins8c@gravatar.com,Fergus,Savins
1008,2021-02-28 18:14:14,9823,My0y8iI,kscottini8d@mayoclinic.com,Kathy,Scottini
1000,2020-12-30 23:55:42,4315,ITGU5GaERU,lwarkup8e@macromedia.com,Laverne,Warkup
1005,2021-09-12 04:15:52,1305,cybVpFUUrd6y,mmaclachlan8f@php.net,Midge,MacLachlan
1001,2021-08-16 19:01:25,2500,AJdwHfw6K,pschuler8g@google.co.uk,Peyton,Schuler
1008,2021-05-29 13:15:19,2340,Nc7FfvbG,mharmour8h@miibeian.gov.cn,Mario,Harmour
1000,2021-10-20 14:39:06,5488,MhLZPT6mWI,vbarukh8i@marriott.com,Valentino,Barukh
1004,2020-12-17 00:10:24,5103,luOmXVmM,btwitching8j@nature.com,Brittne,Twitching
1009,2021-06-24 09:22:48,7966,zsLvYADbC8gY,vrousell8k@auda.org.au,Vale,Rousell
1000,2021-03-03 20:39:20,6567,nfuUvgxMz,dkhomishin8l@huffingtonpost.com,Dave,Khomishin
1002,2021-06-20 21:08:59,6982,OyGeJxpZU,asneesbie8m@scientificamerican.com,Anabelle,Sneesbie
1008,2021-10-29 12:35:32,5854,Ny1iqcZBSQ,fpavey8n@nydailynews.com,Faye,Pavey
1003,2021-03-05 01:45:44,3029,ELQC5w,bhutable8o@toplist.cz,Bendick,Hutable
1006,2021-06-02 06:48:50,5455,9odbd3eYqkQB,acromett8p@drupal.org,Aurthur,Cromett
1010,2021-05-23 16:56:24,6177,Yh6gDeSM,lbenedict8q@toplist.cz,Lynnett,Benedict
1010,2021-05-10 08:07:20,6065,4OULvAk8IN,ceuesden8r@php.net,Correna,Euesden
1009,2021-10-10 06:24:11,5597,cnoObB6A5CD,aeallis8s@amazon.co.jp,Alphonse,Eallis
1003,2021-09-16 23:05:16,7002,mNMb4I,rjerzycowski8t@multiply.com,Rois,Jerzycowski
1004,2021-09-24 09:21:00,1160,8r0EucOG0tc,dbunney8u@jimdo.com,Dannie,Bunney
1001,2021-08-16 05:08:10,3170,g6q3ej41Xq,bshelliday8v@nasa.gov,Beverie,Shelliday
1002,2021-02-26 22:13:47,2384,bJX08E2HY,kkuschke8w@altervista.org,Katinka,Kuschke
1000,2020-11-30 22:43:18,5628,983VjHQ,aadanet8x@printfriendly.com,Alla,Adanet
1009,2021-06-14 21:36:51,9916,YsrlRikYah,rsaket8y@intel.com,Roshelle,Saket
1005,2021-05-06 07:58:55,6386,8bmxh1B,sscibsey8z@drupal.org,Stephan,Scibsey
1003,2021-11-06 13:12:20,9622,JQvvGCE,hconeau90@icq.com,Hillier,Coneau
1009,2021-01-27 16:44:28,6239,c2IoCHIbai,aknowlman91@whitehouse.gov,Allissa,Knowlman
1008,2021-07-27 10:51:12,3647,IhSyeOe,crawne92@techcrunch.com,Cecelia,Rawne
1004,2020-11-25 19:24:31,9485,bRkMN1y8SUbw,vsibbet93@moonfruit.com,Vivien,Sibbet
1004,2021-09-17 23:25:14,3063,JVAXhADU02,cgrassett94@goo.gl,Claiborn,Grassett
1009,2021-07-16 07:38:42,9675,ezTHp7Qb6,evernazza95@google.pl,Etti,Vernazza
1001,2021-09-10 10:10:55,5949,QcLMCpc,broyal96@com.com,Bryon,Royal
1007,2021-05-30 22:37:58,8932,aGO1n9,sgennerich97@typepad.com,Shela,Gennerich
1007,2021-04-07 01:12:31,8051,JbmVY061DeQD,lgoldstein98@opera.com,Lilia,Goldstein
1010,2020-11-28 23:08:20,7579,FKYtfw,jpingstone99@vistaprint.com,Jojo,Pingstone
1008,2021-03-28 06:28:54,5127,K1foZyu,trosenau9a@yellowpages.com,Tessy,Rosenau
1010,2020-12-20 13:09:32,5495,U0n0nRIMd,smateu9b@dell.com,Simonette,Mateu
1007,2021-10-12 21:01:07,3696,XUgZa0eR1u,crosini9c@businesswire.com,Crissie,Rosini
1009,2020-12-14 20:37:14,1839,ZesPwKiV,flionel9d@desdev.cn,Friedrich,Lionel
1004,2021-08-20 07:39:24,7996,jtCEf1yA,dpatriche9e@cnet.com,Dolly,Patriche
1005,2021-11-06 16:25:21,8846,axsca5,tblader9f@shareasale.com,Tybi,Blader
1006,2021-08-25 06:07:34,6541,c1lKbYQ,psparshatt9g@a8.net,Pebrook,Sparshatt
1007,2021-09-19 17:16:27,8497,sqUUkwhQKLf8,hreadmire9h@dropbox.com,Hamlen,Readmire
1009,2021-06-06 07:22:20,2592,JnnpUgq,bsutworth9i@dailymotion.com,Bayard,Sutworth
1006,2021-10-17 02:32:44,5731,tK228fO,edrynan9j@cnbc.com,Errick,Drynan
1010,2021-04-09 13:36:42,7939,ZhAcFylLh,klang9k@hud.gov,Ky,Lang
1003,2021-02-28 23:25:17,2729,audBvrt,ncoaster9l@netscape.com,Neile,Coaster
1003,2021-10-20 22:31:21,5763,Iiv3LY1TNBjR,kmorando9m@illinois.edu,Katrine,Morando
1002,2021-01-08 03:31:45,1348,eqaKfCjCPkV,esiggin9n@seattletimes.com,Edy,Siggin
1004,2021-07-01 15:58:40,6979,SqN9yMRh,mbayns9o@scribd.com,Malissa,Bayns
1001,2021-02-01 16:17:03,8695,tdX8U2422ZeE,mwasling9p@tumblr.com,Morly,Wasling
1009,2021-10-12 22:16:18,6086,EOySLGr,bgossling9q@psu.edu,Bettye,Gossling
1008,2021-03-18 15:33:16,9412,B08EOlLT9,ewoodyatt9r@yelp.com,Electra,Woodyatt
1008,2021-03-23 17:06:47,9733,ePj2vY,pgreenmon9s@google.nl,Pauletta,Greenmon
1009,2020-12-01 09:31:19,8396,PqEKxBxm7B,lhaggath9t@springer.com,Luz,Haggath
1003,2021-09-03 12:33:16,7776,RhhHI57,ntripe9u@ehow.com,Nannie,Tripe
1005,2021-04-13 14:24:19,8571,tYkPhm0Bz0,bberrington9v@creativecommons.org,Bordie,Berrington
1001,2021-08-31 11:46:12,4354,TYrX5i6r,xstrathearn9w@scribd.com,Xena,Strathearn
1007,2021-02-19 05:48:55,4025,veZIu8,ktamplin9x@hao123.com,Kissie,Tamplin
1005,2021-04-14 22:33:09,9377,4jWWVi,tozelton9y@mozilla.org,Tine,Ozelton
1008,2021-08-02 08:28:42,5454,hvYQIlG0DL2,newestace9z@arizona.edu,Nichols,Ewestace
1002,2021-08-06 10:10:20,1703,DLm6CV6EwI6,afortmana0@jalbum.net,Auria,Fortman
1009,2021-02-05 08:44:40,3805,tChFFFqoL,briseama1@nydailynews.com,Becka,Riseam
1007,2021-08-05 20:43:51,6555,HtqQVRhNM,mgerga2@washingtonpost.com,Meier,Gerg
1006,2021-05-02 20:29:59,9635,fJ2yBDT,lgreira3@shinystat.com,Lilia,Greir
1006,2021-07-06 14:29:30,1620,jiN2YFQI,pbavina4@parallels.com,Pierre,Bavin
1003,2021-05-28 03:19:52,6136,HA3tnLK,bswalwela5@ted.com,Bronson,Swalwel
1008,2021-08-15 00:49:47,5005,mdIFglk9ERru,dheitza6@cisco.com,Des,Heitz
1009,2021-02-17 17:30:02,2040,TDXqunJWsJ,mstainsona7@paginegialle.it,Merle,Stainson
1007,2021-02-21 18:40:08,8144,6yk8LmBp0,hblowna8@zimbio.com,Heddi,Blown
1005,2021-03-25 02:43:37,7600,Z8lxxs,tbarkea9@japanpost.jp,Tobin,Barke
1008,2021-01-07 09:24:54,9768,JLHCsVuTP6Ce,psaiceaa@wsj.com,Portie,Saice
1010,2021-09-08 14:23:31,1006,H3PeQcXpYoJ,ewildboreab@cdbaby.com,Evy,Wildbore
1004,2021-07-29 02:30:12,7702,XN35Xwxg,asandbrookac@meetup.com,Allissa,Sandbrook
1009,2021-09-26 07:48:45,9551,mRB9vOaHF,senticknapad@shop-pro.jp,Sydney,Enticknap
1007,2021-10-24 17:31:14,7188,f8VZfZ1,apentonae@foxnews.com,Annnora,Penton
1009,2021-02-09 17:08:10,1740,p6OPZdNPNO,lcridlonaf@msn.com,Latia,Cridlon
1010,2021-07-12 13:45:17,9058,ljII9bMnHUAQ,hguidoneag@godaddy.com,Heddi,Guidone
1009,2021-02-24 07:27:14,9639,ye7O3h3e,ramissah@over-blog.com,Rina,Amiss
1004,2021-03-13 15:19:45,4908,H3hilPRULVTm,lskedgeai@merriam-webster.com,Lorena,Skedge
1005,2020-12-31 09:22:03,2565,EIU6w0kw,rvasnetsovaj@mediafire.com,Riobard,Vasnetsov
1008,2021-08-11 15:45:44,8205,u5R8ZL,gpedgriftak@squidoo.com,Gerry,Pedgrift
1001,2021-05-12 07:16:15,9530,HXiNaifIOD,nkibbelal@topsy.com,Nadiya,Kibbel
1007,2020-12-15 02:12:37,7493,qRwSV2,ewannesam@vkontakte.ru,Elsey,Wannes
1001,2021-03-19 04:24:33,4208,U2GThcldFSB,tminguetan@tinyurl.com,Tedra,Minguet
1003,2021-04-12 01:08:37,5272,ICrvVeVcxF,naltoftsao@mail.ru,Nikaniki,Altofts
1003,2021-03-13 21:13:10,1642,ZPnhQPn,givanchovap@nifty.com,Gates,Ivanchov
1008,2021-04-30 13:26:31,8774,iKB0pHKR,kbaseaq@miibeian.gov.cn,Kippie,Base
1005,2021-01-26 19:44:12,4836,TqKlunny25,sbaffar@wordpress.com,Susan,Baff
1008,2021-04-23 03:24:39,4189,r11xrwG,cflorias@europa.eu,Carlye,Flori
1002,2021-09-17 17:32:57,2467,PRNcOBK7mZI,mhurdmanat@yahoo.co.jp,Matias,Hurdman
1004,2021-07-06 11:40:20,1149,Zg80kKL2R,tspentonau@archive.org,Trix,Spenton
1008,2021-09-08 07:15:51,7182,GuOmSIea3,dwehnerrav@tripadvisor.com,Denny,Wehnerr
1004,2021-06-06 07:09:38,9239,4NqrkMYp97,ccocklinaw@google.com.br,Con,Cocklin
1002,2021-08-13 15:12:29,4695,ZyiNYSRiv,vtruckellax@geocities.com,Vera,Truckell
1002,2021-09-09 12:07:01,8956,ETNv0XvYTZsZ,rwakelamay@friendfeed.com,Rosanne,Wakelam
1006,2021-06-08 13:06:04,1634,DPyoI7IH,jerroweaz@domainmarket.com,Jessee,Errowe
1009,2021-04-16 12:09:08,2863,Ep3mAUdiDXa,lmeffanb0@technorati.com,Lorene,Meffan
1005,2021-10-02 09:35:43,3127,Pkgxb0X,dstormonthb1@whitehouse.gov,Dore,Stormonth
1009,2020-11-19 22:50:24,9504,V3jkGIYp8,sbrendb2@trellian.com,Sharron,Brend
1005,2021-01-26 20:59:13,9488,kkaRmisKoX2L,ssprigginb3@dell.com,Suzanna,Spriggin
1009,2021-10-10 11:14:19,8677,aVCN66cHi,awolfersb4@techcrunch.com,Alfons,Wolfers
1007,2021-10-07 16:49:24,4560,qnanPeJIyOgz,amaffiottib5@nba.com,Amory,Maffiotti
1000,2020-12-26 06:34:43,1785,ghr3i3p9s7Z5,sannableb6@wix.com,Silvain,Annable
1007,2021-10-04 08:07:18,1648,iXhwpKT,hbritnerb7@canalblog.com,Huntlee,Britner
1010,2021-01-08 19:39:48,7601,2NzSevspkgd,lebbuttb8@paginegialle.it,Luther,Ebbutt
1005,2021-10-31 18:36:22,8273,ah564y,pminchindonb9@spotify.com,Pancho,Minchindon
1008,2021-08-01 18:26:17,4396,2fQ6pR651Xb,cgeibelba@census.gov,Christie,Geibel
1001,2021-01-29 22:35:38,1474,Jj0n2P,smollittbb@auda.org.au,Sherm,Mollitt
1001,2021-08-27 22:10:37,2751,3uLI3m2,idenersbc@storify.com,Isak,Deners
1000,2021-11-06 06:30:18,6970,mHke2bQihtwb,snowakbd@whitehouse.gov,Sheela,Nowak
1003,2021-04-12 07:55:37,9484,ZnBSZhKn1,bwhalleybe@geocities.com,Bee,Whalley
1002,2021-06-17 03:57:11,9477,JerCNp,lmettrickebf@devhub.com,Lionello,Mettricke
1004,2021-08-03 02:03:55,5127,Qc6TgHhEcCOZ,jstaddonbg@google.ru,Julius,Staddon
1001,2021-02-02 12:55:14,5875,92jSUBr9,smcguineybh@hud.gov,Sumner,McGuiney
1004,2021-07-12 04:02:34,1522,SorTzlTv0e,sallderidgebi@wiley.com,Sella,Allderidge
1006,2021-09-02 13:48:39,8265,a2tMZhrg,wferschkebj@lycos.com,Ware,Ferschke
1010,2021-03-15 11:52:05,8798,xQtZoBTZl,bivisonbk@tinypic.com,Boony,Ivison
1005,2021-09-01 11:37:43,4942,Kc06Rh,khinkensbl@ted.com,Kati,Hinkens
1006,2021-11-02 02:39:12,5701,3MZ6WPmp,lgaleybm@blogtalkradio.com,Lindi,Galey
1000,2021-06-11 11:48:20,2108,3qY8SUWx1V,gmaunbn@hibu.com,Gussi,Maun
1009,2021-04-19 02:35:46,1896,2Nl0qFB,arubertisbo@opensource.org,Alina,Rubertis
1001,2021-05-12 07:12:21,8915,YRPS6j,wrollinsbp@photobucket.com,Wenona,Rollins
1010,2021-03-28 02:41:58,4232,G7vaDDFR8J9G,ijewersbq@home.pl,Iorgos,Jewers
1005,2021-02-12 13:52:25,7470,hlPTbc,ploreitbr@youtube.com,Phyllis,Loreit
1003,2021-01-19 14:37:20,7394,bhcWdNX6,jprangerbs@opera.com,Justus,Pranger
1002,2020-12-20 23:21:13,7918,itoAFkcuLljv,vhourihanebt@ezinearticles.com,Virgilio,Hourihane
1008,2021-07-05 18:03:27,7748,aLOhBUTlz6,cemesbu@youku.com,Cornelius,Emes
1007,2021-08-23 14:49:30,7819,BalJMbYdYV,ebramobv@goodreads.com,Eddy,Bramo
1010,2021-01-07 14:16:39,4493,1QqKCHX,mwitherdenbw@canalblog.com,Myrta,Witherden
1010,2021-10-13 06:19:27,9720,4ErMHWS,sivanaevbx@dot.gov,Saunderson,Ivanaev
1009,2021-02-16 21:56:13,3028,Ty2pgvzNj,kgronaverby@storify.com,Kandace,Gronaver
1000,2021-08-23 05:09:48,1390,LW1W23GLpYC,mrenadbz@nbcnews.com,Moyra,Renad
1004,2021-01-29 12:13:14,3675,5ySI7ZjASw,erolleyc0@redcross.org,Enoch,Rolley
1002,2021-07-05 01:05:40,1455,wEYgzpvEI,nohalleghanec1@wiley.com,Nanny,O'Halleghane
1004,2021-06-22 17:36:30,2527,Nq2sCPjq,rlamontc2@aboutads.info,Rosella,Lamont
1006,2020-12-10 11:53:34,2030,NpjHQlZnZk,afarfalameevc3@taobao.com,Aubree,Farfalameev
1005,2021-07-16 09:16:51,4265,1cvzF57c9,locahernyc4@cnn.com,Leslie,O'Caherny
1003,2021-01-04 09:27:40,7129,V3wHHjv,nmaylourc5@topsy.com,Nero,Maylour
1002,2021-03-22 22:58:30,8723,EP3cLl,jchartresc6@irs.gov,Jobi,Chartres
1004,2020-12-30 17:23:02,4078,Pju2Y3secZ,tdunderdalec7@howstuffworks.com,Teddi,Dunderdale
1005,2021-03-07 00:19:25,6388,xWLfBfs,abrecknellc8@nydailynews.com,Allegra,Brecknell
1010,2021-05-06 22:46:06,6354,vvQhjeD,amatyushkinc9@pagesperso-orange.fr,Angelia,Matyushkin
1004,2021-05-13 16:10:39,6120,zC7AYoWehco,rcordovaca@google.com,Ray,Cordova
1007,2020-12-10 06:46:25,4280,T0OXFF1xxe,afotittcb@sogou.com,Allx,Fotitt
1000,2021-05-25 13:31:24,3200,45dvWMV,wwoodvinecc@ask.com,Wiatt,Woodvine
1006,2021-11-03 11:41:06,6931,NvW97ebOWQ,lbifordcd@irs.gov,Lowell,Biford
1003,2021-07-31 13:56:53,1684,lf8axwyAArnd,dsimukovce@discuz.net,Darnall,Simukov
1006,2021-07-03 06:12:46,1136,NYarrFja,gmoncrieffecf@amazon.co.uk,Garland,Moncrieffe
1006,2021-10-11 11:33:32,5905,IqOvkFtnh55R,ccantucg@cbslocal.com,Carleton,Cantu
1008,2020-11-12 01:47:47,6260,ytBZoabwX6,ashenfishch@biblegateway.com,Aleta,Shenfish
1005,2021-06-05 22:40:04,4521,NhA4w6l,lrableauci@ucla.edu,Loria,Rableau
1001,2021-07-21 10:28:00,9161,tbnX15e,evalenticj@mac.com,Edithe,Valenti
1008,2021-10-06 10:16:57,1992,m3mVeISIcwDX,bflightck@nba.com,Babette,Flight
1005,2021-11-06 05:53:14,3736,1T6L0s,rgreenigcl@ifeng.com,Roxanna,Greenig
1001,2021-01-23 04:45:14,3539,QkLZMHPSUm,dpenkecm@addthis.com,Dulcy,Penke
1000,2021-09-25 12:22:39,7831,KHpt2E,areidecn@nps.gov,Austin,Reide
1003,2021-08-29 07:15:04,3079,uieUqGYrjw6,cczaplaco@photobucket.com,Cleavland,Czapla
1006,2021-03-17 23:31:36,4777,KfkcTUuxW,crorkecp@unblog.fr,Chrissie,Rorke
1000,2021-06-13 03:00:33,2663,jGUYMArOfud4,shazeldenecq@google.fr,Shalne,Hazeldene
1000,2021-10-01 07:04:38,2548,TCVadh1u6Mpt,jkestencr@cafepress.com,Joanna,Kesten
1003,2021-09-04 18:26:17,5189,02Sg5CM,brustedcs@usda.gov,Bryn,Rusted
1004,2021-06-20 12:09:06,5732,LdDYurdzf31n,dbachnicct@google.fr,Dyanne,Bachnic
1006,2021-09-03 21:55:53,6427,1YvyJM2mXWm,edemeridacu@hhs.gov,Eduino,de Merida
1007,2021-10-26 14:24:18,5790,Qy7X9g,sstoddcv@bluehost.com,Shelly,Stodd
1001,2021-01-28 08:14:19,8637,C4UkzZdSJ,wgergecw@rediff.com,Worthington,Gerge
1007,2021-07-03 06:25:45,9007,X9UUgpgc,iryalcx@google.com.br,Ilario,Ryal
1007,2020-12-03 23:53:37,7783,oGNe8M,cbiscocy@icq.com,Collette,Bisco
1008,2021-02-10 21:56:28,8247,xHgib6i,abiasetticz@google.com.br,Archambault,Biasetti
1000,2021-08-25 07:19:01,4059,CxNaGy,sleeked0@wordpress.com,Stanfield,Leeke
1008,2021-07-21 14:54:36,8180,KcaIzl8,cbounded1@mlb.com,Chris,Bounde
1007,2021-06-26 21:09:30,6851,Iv4wMIYUnU68,aasplend2@comsenz.com,Adriena,Asplen
1006,2021-09-03 06:57:40,6646,RDDXHUqD,dstannersd3@people.com.cn,Devora,Stanners
1009,2021-08-01 00:51:41,7416,0LyotZgus3J,tebid4@fc2.com,Timmie,Ebi
1006,2021-10-04 13:29:18,5588,IQbbtaX8PSEq,slebrumd5@php.net,Sylvia,Le Brum
1001,2021-07-26 10:25:22,4375,JtSeWQlRYN,gclearsd6@shareasale.com,Gabrielle,Clears
1008,2021-04-11 09:41:06,1647,NOKR1tmKtcRU,ksturrockd7@usnews.com,Kellina,Sturrock
1001,2021-09-19 20:08:23,5342,ucqAhQRdB,nrogezd8@indiatimes.com,Nancie,Rogez
1005,2021-05-12 07:23:21,5392,dS9DI35EGQ,abramleyd9@kickstarter.com,Alyda,Bramley
1007,2021-09-03 06:45:53,1414,sP5Racadkm,csandleda@biblegateway.com,Cindy,Sandle
1004,2021-07-15 08:09:22,1143,w7htjpzLj,sfooterdb@free.fr,Sari,Footer
1004,2021-10-25 19:40:45,8961,3xpgNq,litchinghamdc@geocities.jp,Lura,Itchingham
1000,2021-02-14 14:34:06,9731,Y9fWH6iB0KN,djosefsdd@state.tx.us,Davie,Josefs
1002,2021-03-06 18:43:18,4378,v5UfjFRLkzRG,hmarsde@reddit.com,Harrison,Mars
1006,2021-03-24 16:33:56,3881,XZP8R80eUM,bkinkadedf@prlog.org,Barney,Kinkade
1005,2021-01-01 09:44:43,5489,5Pq57kLQR,bwhodcoatdg@discuz.net,Byrom,Whodcoat
1009,2021-02-08 13:35:12,1823,6lnN7RJdyGRM,mtaskerdh@de.vu,Meryl,Tasker
1000,2021-10-02 12:29:08,1297,sGNOdGSD6,rtollidaydi@aol.com,Roxane,Tolliday
1001,2021-09-02 18:05:41,5899,1YfZVrtdxcD,wartharsdj@seattletimes.com,Wini,Arthars
1010,2020-11-09 20:32:59,9934,vvgO6plk,weastamdk@dmoz.org,Wilmette,Eastam
1002,2021-02-25 00:42:40,6319,PVv6uiM,mcordiedl@shinystat.com,Marcelline,Cordie
1001,2020-12-25 22:55:29,1759,ScC7aDmh,afriettdm@prlog.org,April,Friett
1008,2021-02-02 01:53:06,3219,G9cRX7,hchurchdn@illinois.edu,Hillard,Church
1001,2021-11-03 20:49:05,2834,vzYjeU,cbanyarddo@tinypic.com,Celestine,Banyard
1010,2021-07-05 12:08:11,3661,otmziGCL,meliazdp@g.co,Marylynne,Eliaz
1005,2021-07-07 07:35:25,5221,wHPPuo2WhMFF,mllywarchdq@plala.or.jp,Mort,Llywarch
1000,2021-08-11 09:20:49,1625,42vuUwObhMnm,adecreuzedr@boston.com,Annmaria,Decreuze
1007,2020-11-15 20:38:01,9274,vu3iccC,ocoyishds@ebay.com,Ortensia,Coyish
1005,2021-02-10 13:38:52,8853,FTLUNkMLGK9,lmeldrumdt@narod.ru,Leila,Meldrum
1009,2021-02-06 22:48:34,2907,3WIIaeZyvKh,dorcottdu@washington.edu,Darcey,Orcott
1008,2021-08-28 21:08:16,7603,ZXAar7IFCE0,cparlettdv@kickstarter.com,Coretta,Parlett
1004,2020-12-19 11:30:09,5160,MGYhO5Bk,wkundertdw@wordpress.org,Wash,Kundert
1004,2020-12-14 16:33:44,2056,EJ7XJ4ap,abudddx@slashdot.org,Alex,Budd
1002,2021-11-02 01:46:20,5607,PaXWm4l883d,cohanlondy@java.com,Cindie,O'Hanlon
1002,2020-12-22 14:45:52,4716,BxsfXR,cleeuwerinkdz@trellian.com,Clarissa,Leeuwerink
1001,2021-09-28 23:45:33,1360,dUu94MP5,bcrousee0@mashable.com,Brent,Crouse
1008,2020-11-16 10:51:19,3648,vyNXSKuf,cwallbankse1@pagesperso-orange.fr,Crystie,Wallbanks
1007,2021-02-27 01:35:03,1012,wTNPcj26m70,krubese2@nifty.com,Kathy,Rubes
1004,2021-07-23 23:07:31,5488,60mzZYtd,kaggise3@yandex.ru,Kelila,Aggis
1007,2021-07-13 00:55:33,7650,DRZ4rJv7,gisworthe4@cafepress.com,Grayce,Isworth
1002,2021-06-01 12:49:56,8874,ynrMbb,jsmallmane5@yahoo.co.jp,Judith,Smallman
1006,2021-05-04 05:03:03,9983,ROA3PPxqBtL,cwestripe6@harvard.edu,Craggy,Westrip
1001,2021-07-21 18:14:13,6267,kGOzFHUCrALh,mblamphine7@storify.com,Mandy,Blamphin
1004,2021-08-22 23:13:30,5071,ScvPzwYR,obindine8@google.co.jp,Oswell,Bindin
1006,2021-07-20 06:28:30,3426,vI8wJ765,srobinette9@ca.gov,Scarlet,Robinett
1000,2021-04-04 05:51:44,4454,ESd37uS,trisbridgeea@google.cn,Terrance,Risbridge
1006,2021-03-16 23:50:03,1112,iec10qsyBta,cpavloveb@si.edu,Clemmy,Pavlov
1008,2021-02-20 02:31:55,9034,gs9oI0jKRsyP,bhatherillec@tumblr.com,Brear,Hatherill
1004,2020-12-27 23:37:58,1479,LC6n3nGMP,rblankmaned@comsenz.com,Rheba,Blankman
1008,2021-08-14 18:50:28,8412,8up1eEDv,vengelmannee@list-manage.com,Valentia,Engelmann
1009,2021-04-01 22:53:10,2448,cXuBPvDPMF,rdeaconsonef@marriott.com,Ronny,Deaconson
1008,2020-12-25 04:50:03,4344,RnOwVzy,abrandretheg@moonfruit.com,Adrianne,Brandreth
1010,2021-04-03 12:26:18,2484,IkDJmUC,fgussieeh@mtv.com,Fredric,Gussie
1003,2021-09-13 16:37:45,8599,EJBmbuiy,gweymanei@craigslist.org,Gilberto,Weyman
1010,2021-03-25 10:09:39,4714,F1ZGBtDdu0,ckedwardej@dedecms.com,Cos,Kedward
1009,2020-11-12 07:54:11,5780,6u0GcZ,tbilverstoneek@de.vu,Theresa,Bilverstone
1008,2021-10-16 09:38:08,7410,23BygFdfm,cvaudinel@ed.gov,Cristiano,Vaudin
1008,2021-10-15 07:41:43,1719,WN9Qor8F7kz,cfrissellem@google.ru,Cindi,Frissell
1005,2021-02-07 12:29:48,6632,4P76YUr,mjoselsonen@nba.com,Minette,Joselson
1007,2021-06-06 09:02:02,9768,FcwMPd9OpbKn,llucchieo@macromedia.com,Lisabeth,Lucchi
1002,2021-08-25 11:05:30,5443,r2KHhNUAvo,rlinnardep@patch.com,Rycca,Linnard
1007,2021-10-01 00:37:16,6616,9Lg31x2EZCvx,tclaxsoneq@ameblo.jp,Trey,Claxson
1002,2020-11-20 14:40:53,1110,CaZtotR6t,bnancarrower@soup.io,Brandais,Nan Carrow
1001,2020-11-25 18:39:12,9536,lW1vmZ,smagranees@mit.edu,Sheela,Magrane
1003,2021-02-11 20:02:37,3261,gU5gzVIMCg,adeavilleet@cdc.gov,Ashley,Deaville
1005,2021-06-05 20:01:23,5960,yvwzqub,slevyeu@deviantart.com,Sigmund,Levy
1008,2021-06-07 22:23:08,4111,H3YpOxaLe5B,cchyuertonev@buzzfeed.com,Correy,Chyuerton
1010,2021-09-14 03:44:30,2522,rTFLZPTf,ckeeffeew@seattletimes.com,Cherice,Keeffe
1000,2021-07-03 18:53:45,5817,iKhtvQ4G,npedrazziex@topsy.com,Nita,Pedrazzi
1002,2021-09-19 09:08:18,3881,X1ARzBxkeHo,vlotteringtoney@google.com.au,Violette,Lotterington
1005,2021-04-11 09:27:28,6214,JY3r8Cao,uiacoboez@tiny.cc,Udell,Iacobo
1002,2021-07-14 00:09:04,9392,zcQXdr,nhudlestonf0@examiner.com,Netta,Hudleston
1005,2021-02-21 15:44:10,8257,tFl1SN9tKUJ,klehonf1@wsj.com,Kalindi,Lehon
1005,2021-03-26 05:20:58,7105,fpH4CcT,mwroutf2@webeden.co.uk,Marsha,Wrout
1009,2021-03-15 06:11:46,3953,nVB2DK,kmicheletf3@slashdot.org,Kirstyn,Michelet
1008,2021-05-30 12:01:35,4888,JPZtg01vd,ranwellf4@hao123.com,Reuben,Anwell
1003,2021-03-23 13:58:09,9521,7ZVBqq,wmagrannellf5@google.nl,Wayland,Magrannell
1009,2021-05-30 16:58:27,1003,sVQW96j,mgresleyf6@rambler.ru,Marwin,Gresley
1001,2021-10-22 03:21:56,7636,qA5UE1,lbuessenf7@networksolutions.com,Lindi,Buessen
1000,2021-07-31 23:52:05,7270,7I8FOn,kbraunterf8@intel.com,Katie,Braunter
1000,2021-01-24 10:31:19,5022,SCWrFeCu,dmarzelef9@cafepress.com,Dewitt,Marzele
1003,2021-06-17 15:04:16,2465,hnLBemyvs0K,smarskellfa@chicagotribune.com,Suzann,Marskell
1005,2021-08-23 07:32:57,5813,F6JvHm6p7G,gmewisfb@umich.edu,Griselda,Mewis
1002,2021-09-30 10:04:41,1736,Pcvw9u8OF5,brandalfc@gmpg.org,Benjamin,Randal
1007,2021-10-17 00:00:13,3189,xzVa5Eaq0DsM,mgaveltonefd@google.ca,Mikel,Gaveltone
1003,2021-04-19 18:23:16,9522,PpTV5lsDEBP,arawlingsfe@artisteer.com,Anderea,Rawlings
1001,2021-05-01 20:50:54,6666,KGiVdQHAk1w,ialesioff@mail.ru,Idette,Alesio
1009,2021-09-30 21:41:55,9285,wze7yr3,caleshkovfg@homestead.com,Cosette,Aleshkov
1010,2021-04-23 02:02:03,8056,cc5yA8,khetterichfh@so-net.ne.jp,Kearney,Hetterich
1001,2020-11-20 11:06:07,5643,igFVUU,tronaldsonfi@netscape.com,Thebault,Ronaldson
1000,2020-12-22 14:26:20,8771,bky9Kbx,estruisfj@state.tx.us,Elwin,Struis
1007,2021-08-25 08:04:07,5261,Nj0LRd2I,fpetrelluzzifk@google.pl,Francklyn,Petrelluzzi
1008,2021-09-04 03:16:37,6102,oU7cXFZp,hphizacleafl@networkadvertising.org,Homere,Phizaclea
1005,2021-02-18 05:01:49,3108,JR8344gbC8q,cgenningsfm@about.me,Chadwick,Gennings
1002,2021-08-06 22:04:22,6271,rQqBEG9VA,ujusticefn@globo.com,Ulises,Justice
1002,2021-02-03 15:41:23,6877,5a4zLazxNbm,clindsellfo@un.org,Celina,Lindsell
1007,2021-02-15 07:46:02,7390,LmLpGVcTTs,csanchezfp@timesonline.co.uk,Cass,Sanchez
1004,2021-05-17 03:36:01,7257,4bNeQgy,lmartinollifq@1und1.de,Leone,Martinolli
1004,2021-08-27 12:53:53,3890,3yE1Igj7r,kbowerbankfr@topsy.com,Karlee,Bowerbank
1005,2021-04-19 12:07:09,7753,vlTqDCEu69Vn,mthunderfs@exblog.jp,Mada,Thunder
1006,2021-08-30 02:08:30,6875,o3qjOw,mhartmannft@google.nl,Mommy,Hartmann
1005,2021-09-07 19:54:46,2844,l86cS8,astclairfu@kickstarter.com,Arleta,St. Clair
1000,2021-08-13 23:30:34,5132,tmUsJWLTQ0uy,bspencerfv@livejournal.com,Burr,Spencer
1006,2021-08-24 08:29:24,6320,f5175UL4Y6,lranklingfw@gnu.org,Levon,Rankling
1004,2020-11-26 08:15:35,8205,bXiyHyQ6PFY,kocahsedyfx@miibeian.gov.cn,Kile,O'Cahsedy
1002,2021-08-09 07:38:58,8910,km2ElR9,mrepperfy@usatoday.com,Madella,Repper
1009,2021-06-15 14:31:06,3043,UMRNpqH,mlinkinfz@paypal.com,Mireielle,Linkin
1009,2021-07-24 21:18:31,7277,KzHPqBWM3Fsu,abaressg0@phpbb.com,Adham,Baress
1007,2021-01-22 07:38:08,4130,PPOwQwKs,deddinsg1@npr.org,Denice,Eddins
1004,2021-07-19 23:18:06,5499,1XzBdj,lrivardg2@list-manage.com,Laurianne,Rivard
1005,2021-09-11 03:58:49,7312,MT8NlyALaDyq,mcraineg3@seesaa.net,Morgana,Craine
1003,2020-12-02 06:52:27,6755,dv7XhLL,bbindong4@wikimedia.org,Bellina,Bindon
1007,2021-05-07 03:35:44,3635,OVM2EdXR,hwedlakeg5@mit.edu,Harmonie,Wedlake
1001,2021-06-06 23:06:18,8900,nktfGeppgpC1,bsimoncinig6@newsvine.com,Betta,Simoncini
1006,2021-07-20 18:53:06,8326,Sgwnbw,kcollinetteg7@simplemachines.org,Katinka,Collinette
1000,2020-12-01 19:07:33,3358,CAeZzrZt,jcoopperg8@forbes.com,Janna,Coopper
1006,2020-12-19 12:34:19,6659,JfPMqd,mchurchleyg9@jugem.jp,Mimi,Churchley
1004,2021-05-14 14:03:14,2157,zfegwKn2,dmullallyga@privacy.gov.au,Dela,Mullally
1008,2021-10-16 16:21:22,1118,hfUJNCgvf,civeygb@flavors.me,Cloe,Ivey
1005,2021-02-25 09:21:00,4613,WjoVpzrGkeU,dgrishenkovgc@virginia.edu,Dave,Grishenkov
1007,2021-02-21 03:13:03,6974,igGj7F4alVOS,phutfieldgd@jugem.jp,Petey,Hutfield
1010,2021-01-25 08:08:33,7255,IBqTTXEW,cfilipowiczge@bigcartel.com,Carol,Filipowicz
1010,2020-12-27 05:14:32,2407,RqqvLdMkOqkz,amcfeatgf@gnu.org,Archer,McFeat
1000,2021-09-06 01:50:59,1135,tlUKWL,bclotworthygg@amazon.de,Bryana,Clotworthy
1002,2021-06-15 22:23:47,8599,tsAuTngKn,lloffheadgh@booking.com,Leodora,Loffhead
1009,2021-09-17 07:22:50,2423,wKwquqxCI,amacknessgi@mozilla.com,Ashil,Mackness
1007,2020-12-09 07:43:45,4884,6i3j2Ejvyl91,ceddisgj@networksolutions.com,Christal,Eddis
1010,2021-07-18 08:12:38,1433,8Ho0rTS,cpresnallgk@slashdot.org,Cybill,Presnall
1002,2021-03-28 10:01:29,5706,prBodQw9uK,wotridgegl@phpbb.com,Winslow,Otridge
1008,2020-12-02 01:08:07,9610,Sqb5NGvKI0,rlegoodgm@shop-pro.jp,Rochell,Le-Good
1000,2021-07-25 03:37:54,1111,73BWj7oIwYjy,ezettlergn@vkontakte.ru,Ester,Zettler
1008,2021-07-04 04:15:10,2932,hJJCVDSms2f,lvurleygo@state.gov,Leena,Vurley
1006,2021-10-18 22:58:19,3384,uHZnz6,egalvingp@google.com.hk,Ethyl,Galvin
1004,2021-04-17 05:36:34,6310,bPmvOJR,mbuckbeegq@go.com,Melisa,Buckbee
1010,2020-11-08 06:28:38,2599,1FznrZ2cs89f,atessingtongr@dot.gov,Ailis,Tessington
1010,2021-08-05 13:29:01,6746,1X8ZnvG4M3,dfendtgs@usatoday.com,Domenico,Fendt
1002,2021-08-19 20:43:27,6735,lGof6k,mmerringtongt@weibo.com,Maddie,Merrington
1007,2021-01-06 05:19:13,8753,IVAxf50zZPV7,sbrowngu@umich.edu,Shayne,Brown
1004,2021-06-19 13:18:17,6224,OKII66fMNXW,dsawbridgegv@washingtonpost.com,Dareen,Sawbridge
1004,2021-06-30 23:57:36,2881,4DvPFaSqZMl,mmoresbygw@xrea.com,Marisa,Moresby
1002,2021-08-31 14:28:47,4213,GLkeWxLME,emccoveneygx@netvibes.com,Ettore,McCoveney
1007,2020-11-16 07:17:15,6395,AgKNTpM9l,qnorvalgy@cocolog-nifty.com,Quentin,Norval
1002,2021-03-07 02:43:54,5100,lqGcqIOt0n,psantarelligz@walmart.com,Pierrette,Santarelli
1010,2021-06-08 13:09:27,8205,D4fyYjTP,ahamshereh0@vk.com,Abram,Hamshere
1002,2021-08-14 18:46:42,5419,5Cv6WiCxeT,lmcclancyh1@apple.com,Leland,McClancy
1005,2021-07-21 03:58:31,4414,sdZ68WgcrSu,sgrimsdaleh2@businessinsider.com,Saidee,Grimsdale
1009,2021-05-08 10:12:16,6516,An1C8L50K,cnisoth3@seattletimes.com,Clarey,Nisot
1009,2021-09-27 21:19:00,6497,ATPRi8BJ,lscammellh4@theatlantic.com,Lyell,Scammell
1007,2021-08-08 08:33:00,1185,mILXbSPerK,dmoxsomh5@usgs.gov,Domenico,Moxsom
1003,2020-11-29 01:10:08,4571,3cwGFu,crathjenh6@ezinearticles.com,Clay,Rathjen
1002,2020-12-23 12:28:17,9778,NOxZMlXoK,awillanh7@w3.org,Aaron,Willan
1002,2021-09-23 21:59:35,4969,6eVwlMNB,lsubhanh8@trellian.com,Lorrie,Subhan
1010,2021-08-11 10:14:46,3322,vvvspwN,jkleynermansh9@artisteer.com,Janifer,Kleynermans
1001,2021-04-12 02:56:35,7202,4Stn7JskBhL,bjaffraha@cnbc.com,Brennen,Jaffra
1003,2021-04-23 08:48:30,4363,CQf3NQ,nfettishb@uol.com.br,Neils,Fettis
1007,2020-12-04 00:23:23,7287,QyN2Er58,ahargravehc@drupal.org,Alisa,Hargrave
1000,2021-09-11 21:26:29,2479,NkRaSledbl6,jdaintryhd@ocn.ne.jp,Jolie,Daintry
1009,2021-07-24 03:40:31,4516,pN4LIqoe7E8,emcdermidhe@wsj.com,Emile,Mc Dermid
1001,2021-01-05 03:08:43,7591,6q2RJJyRqN,agooddayhf@trellian.com,Arlette,Goodday
1006,2021-10-04 10:19:58,2695,XQVJCmb,btapinhg@rakuten.co.jp,Blinny,Tapin
1010,2021-06-26 19:18:24,3249,Dxe2Wd0a,sowlnerhh@goodreads.com,Silvan,Owlner
1006,2020-11-16 11:24:46,8481,UcEDcQc39G7,ayellophi@ezinearticles.com,Amos,Yellop
1009,2021-02-02 23:40:05,9159,nsY3Llwh,pfransonihj@1688.com,Peyton,Fransoni
1000,2021-01-24 10:11:37,3966,o7Dj0z,hskinnerhk@xing.com,Haleigh,Skinner
1001,2021-01-18 14:57:04,5678,6M9U88s,etranhl@economist.com,Ema,Tran
1005,2021-10-24 12:53:37,3674,fdozTG,csurgeyhm@oaic.gov.au,Carlin,Surgey
1010,2021-10-05 23:46:18,8776,ChE5PxN0T0D,gjugginshn@cafepress.com,Gilles,Juggins
1007,2021-06-02 13:29:24,9060,UKNlv6tq,cclausiusho@stanford.edu,Christel,Clausius
1002,2021-11-05 04:46:52,3232,9NaWo3U,jjeeneshp@youtu.be,Jamaal,Jeenes
1006,2021-10-17 22:37:57,2972,2hT6NTu4Cj,dmoubrayhq@kickstarter.com,Deeanne,Moubray
1007,2021-02-11 14:13:39,5732,vpZp1OhWJ,jdimeloehr@wisc.edu,Jeff,Dimeloe
1005,2020-11-21 06:23:16,5516,7fwc0f,ihogsdenhs@dyndns.org,Ilysa,Hogsden
1008,2021-11-01 15:51:44,9792,m8ZGvuEmJbac,iduferieht@va.gov,Ilise,Duferie
1003,2021-03-07 13:32:53,5178,7wHs5h,apendockhu@newyorker.com,Ardelle,Pendock
1005,2020-11-24 18:21:10,7130,8OnAmVcWCYI,jpetrulishv@goodreads.com,Janka,Petrulis
1001,2021-08-01 12:28:25,2785,GFNc1IiD6mAc,vlancetthw@shutterfly.com,Val,Lancett
1004,2021-05-09 05:55:08,3680,NlVUB0O,fscarbarrowhx@aboutads.info,Flor,Scarbarrow
1003,2021-10-02 15:18:42,5718,psf8Nv6Yh,iloftshy@princeton.edu,Ianthe,Lofts
1004,2021-04-12 23:45:35,5930,qNGj9AvvAmWd,jdimariahz@miibeian.gov.cn,Jandy,Di Maria
1010,2021-06-15 06:41:58,3191,DFaHZ2o874r,wspencleyi0@fda.gov,Whitney,Spencley
1010,2021-01-11 03:34:06,7603,vVjB3YbEdvjv,ncoldmani1@homestead.com,Nolan,Coldman
1009,2021-02-09 20:46:49,4146,eujU17O,tdodgei2@qq.com,Theressa,Dodge
1000,2021-11-01 00:53:32,8260,aiV7icuonXJx,tbyi3@rediff.com,Tedda,By
1004,2021-09-01 01:02:41,5809,GBkUsctU,bmalcheri4@ocn.ne.jp,Bunnie,Malcher
1001,2021-03-22 03:10:14,7348,1wXE4vXkI,mmughali5@seattletimes.com,Marlo,Mughal
1005,2021-02-22 23:41:04,9314,C3NNOG78lwca,jbottei6@toplist.cz,Jessalyn,Botte
1000,2021-02-01 07:29:32,8877,LR3L3DpOV,mgritteni7@who.int,Myles,Gritten
1007,2020-12-28 16:01:58,7739,CFy8lw5XO,gmacascaidhi8@cargocollective.com,Gothart,MacAscaidh
1000,2021-07-25 13:51:49,4265,UQo3XEpRp,grestalli9@nymag.com,Gui,Restall
1009,2021-06-27 04:08:27,7054,qTRH7q,ncargenia@pen.io,Nealson,Cargen
1001,2021-06-25 17:27:10,5093,qDsJ72gd,mspringib@tumblr.com,Maegan,Spring
1009,2021-08-12 05:32:20,9279,E9uTaxVoC,breyburnic@a8.net,Booth,Reyburn
1001,2021-08-27 01:34:14,5708,dzjBa30W,ddurnianid@linkedin.com,Demetris,Durnian
1003,2021-06-04 04:42:45,8501,ThX6CfBvTdi,dguslonie@engadget.com,Delcine,Guslon
1005,2021-03-11 11:07:24,3865,u7Odyru89O2P,okennanif@howstuffworks.com,Odella,Kennan
1006,2021-05-04 11:45:44,5399,OEXVMruZ,rdedneyig@biblegateway.com,Rachael,Dedney
1006,2021-06-02 23:07:13,8865,w9PjMDYU5,tsimeonih@facebook.com,Tris,Simeon
1002,2021-05-30 14:14:00,6599,R87zCn3Uj,nvasyutinii@miibeian.gov.cn,Nicolais,Vasyutin
1002,2020-11-09 01:22:35,6088,U0ucjRpLA4YL,cfazzioliij@google.it,Carver,Fazzioli
1001,2021-06-16 13:57:28,3822,78VkB27H,ederuelik@facebook.com,Eveline,De Ruel
1006,2020-11-21 16:35:36,4079,6fU3EPQPu4,ndaffeyil@slideshare.net,Nickie,Daffey
1006,2021-07-04 20:28:17,9723,12RRKygFg,kwilmutim@webnode.com,Kahlil,Wilmut
1002,2021-01-19 22:00:17,9207,DS6zoB8WO,dspellsworthin@w3.org,Dillie,Spellsworth
1001,2021-03-27 19:55:30,4789,9AXifs0DJfI,oreckio@abc.net.au,Olvan,Reck
1008,2021-04-23 17:50:52,8719,fj8NsfxvJkfu,dhallgarthip@facebook.com,Denys,Hallgarth
1002,2021-06-21 12:44:42,2114,efJng9ZbG,bfernyhoughiq@g.co,Bren,Fernyhough
1001,2021-07-28 04:59:17,5702,FawnxzxID,cavrahmir@utexas.edu,Christi,Avrahm
1000,2021-09-14 03:01:24,2793,6B1aS4j5W07,vdumbletonis@springer.com,Vito,Dumbleton
1000,2020-11-22 02:11:04,5007,Dc6SwSoKnc,tgrzesiakit@digg.com,Trisha,Grzesiak
1009,2020-12-29 15:33:14,6463,9PxVcuY2r0m,lemmertiu@ebay.co.uk,Leticia,Emmert
1002,2021-06-24 09:46:46,4431,hMaMXQQtIe,emacginleyiv@list-manage.com,Erna,MacGinley
1002,2021-09-01 13:05:49,8287,RxmzgF,rconradieiw@gnu.org,Riane,Conradie
1005,2021-11-01 07:28:44,7169,C0r6sdAU,knoiceix@godaddy.com,Ketti,Noice
1008,2020-12-27 23:52:11,5475,9pYKO1cC,cdickmaniy@latimes.com,Caroljean,Dickman
1001,2021-03-26 23:28:46,9577,ZxcoDw6,lmccroryiz@bloglines.com,Lyndsay,McCrory
1005,2021-09-27 18:54:50,1968,0LKVm0U,lbosherej0@cnet.com,Laird,Boshere
1007,2021-04-19 07:27:10,6618,IrtEm708IjQP,kdayej1@joomla.org,Kayley,Daye
1002,2020-12-28 14:17:30,1148,VDx06oOL,rbenjaminj2@jiathis.com,Rena,Benjamin
1009,2021-04-25 13:52:41,6232,NPEx7K,bfaichj3@mozilla.org,Brear,Faich
1005,2020-12-15 10:57:05,1812,bfOP8RJ,vuttingj4@1688.com,Viviene,Utting
1000,2021-04-20 20:20:25,9040,3sgUGxcSL9Je,eradbornej5@umn.edu,Esme,Radborne
1006,2021-10-21 01:08:25,5966,X2FjNrjh,tdenzilowj6@angelfire.com,Tod,Denzilow
1009,2021-09-10 04:48:24,4303,hi2C86,gabrahmovicij7@google.it,Gretal,Abrahmovici
1001,2020-11-17 14:05:54,2181,UupuaOS,gdruganj8@mtv.com,Glynnis,Drugan
1001,2021-03-04 12:45:39,3367,Di1KtyEM,passirattij9@csmonitor.com,Peggy,Assiratti
1003,2021-08-30 21:40:16,8453,WixtMkNJ,ggorhardtja@bandcamp.com,Goddard,Gorhardt
1000,2021-03-10 22:58:07,3061,nfXMecf,mmcpheejb@squarespace.com,Malinde,McPhee
1010,2020-11-11 20:28:33,1235,vQ8vjDRi,kaughtiejc@godaddy.com,Kenyon,Aughtie
1005,2021-05-03 20:35:31,1336,8pDWTWvAai4H,jscipseyjd@boston.com,Jared,Scipsey
1001,2021-03-27 16:27:20,2005,AiQlodrv,mgrendonje@about.com,Malinde,Grendon
1002,2021-04-29 02:57:57,4371,rCI5dgQ,mprettymanjf@yelp.com,Mickey,Prettyman
1000,2021-01-30 02:04:42,6222,EOkM6O,vbartelsellisjg@jigsy.com,Vania,Bartels-Ellis
1004,2021-10-23 14:29:32,9845,drZ1YiLa,psatterleejh@narod.ru,Peggy,Satterlee
1005,2020-11-28 21:28:05,4518,C4YUGjh5Tg7,rhowcroftji@bravesites.com,Rosalinda,Howcroft
1004,2021-10-24 03:59:48,4395,Shu1upSBd,kcowperthwaitejj@reverbnation.com,Kiley,Cowperthwaite
1005,2021-04-14 22:14:44,7004,E5PKm3r1QuE,ztimsjk@cdbaby.com,Zacharia,Tims
1007,2021-02-18 23:19:27,5920,vskd8ac,eikinjl@wikia.com,Elena,Ikin
1004,2020-12-31 05:50:24,6062,Vc0ErFXmE,jmccrainejm@rambler.ru,Jess,McCraine
1004,2021-07-21 05:05:43,2500,0kfab1TA8,drobiotjn@nsw.gov.au,Delores,Robiot
1006,2021-05-14 02:11:00,5205,qkPNfw,todochertyjo@mapy.cz,Torie,O'Docherty
1001,2020-12-30 06:00:39,9175,KVIjxMUVMB,dnindjp@deliciousdays.com,Dina,Nind
1002,2021-09-07 12:42:48,8037,3W7q6A,lvescovojq@tmall.com,Lemar,Vescovo
1004,2021-09-21 04:16:12,8609,0sgvmebfhxwz,plagojr@paginegialle.it,Padriac,Lago
1010,2021-10-21 10:04:43,9013,1N2Sq0,iwasbeyjs@etsy.com,Isabelle,Wasbey
1004,2021-03-17 09:22:13,5744,S8VUZxQsHBcT,fcaesarjt@cnet.com,Fulvia,Caesar
1008,2021-03-24 17:38:12,6593,E2Ihq26kp,okingsleyju@techcrunch.com,Otho,Kingsley
1010,2020-12-17 10:09:42,5385,eIsAEy,mstansbyjv@state.tx.us,Maryellen,Stansby
1009,2021-03-11 02:49:38,8506,GdsVfx,swegmanjw@ovh.net,Scarlet,Wegman
1003,2021-06-13 04:31:37,3733,kYZGCi,gsanbrookjx@hao123.com,Gaylor,Sanbrook
1003,2021-10-25 04:51:34,4839,JwdysY,eflahyjy@simplemachines.org,Eleni,Flahy
1004,2021-10-08 03:35:18,5122,JeNb7XgrZIl1,aobradanejz@smh.com.au,Antonius,O'Bradane
1005,2021-02-26 15:34:16,9417,e9SiTT,rleynaghk0@tinypic.com,Ruthanne,Leynagh
1010,2020-11-09 19:11:11,6656,1fdlxHljr7,bcakebreadk1@ibm.com,Briney,Cakebread
1005,2021-05-09 21:12:49,7296,C8b3jf,mlismorek2@google.com,Matthew,Lismore
1002,2021-07-04 15:53:49,1477,ittbdAAh2zD,wchreek3@aboutads.info,Worth,Chree
1008,2021-09-10 07:54:51,1151,xviqDxjz,marnefieldk4@xing.com,Maurits,Arnefield
1009,2021-09-20 13:02:44,4888,w1MH9lCnrT44,plarcherk5@latimes.com,Pippy,Larcher
1006,2021-07-14 09:58:12,3576,4V3lQd7wsZa,cbanek6@marketwatch.com,Cordelie,Bane
1002,2021-06-29 05:29:58,8702,CS5KIOkB37VP,agokesk7@behance.net,Annette,Gokes
1000,2021-03-26 03:21:55,6929,T61CnLSKehts,lpeirsonk8@timesonline.co.uk,Lanie,Peirson
1003,2021-10-23 15:07:49,4382,7HItKp,icuerdak9@newyorker.com,Irwin,Cuerda
1001,2021-08-02 10:07:59,3875,ShasDmIVN0H,athomasenka@homestead.com,Amaleta,Thomasen
1004,2021-07-30 10:40:36,1830,uzHmFHLsIVzU,fborsnallkb@cam.ac.uk,Fran,Borsnall
1004,2020-12-11 17:02:29,8271,uRjaJ9D7,cdunbabinkc@nhs.uk,Candi,Dunbabin
1008,2021-07-29 23:58:24,5058,qZv7aU,vcowitzkd@hao123.com,Verina,Cowitz
1006,2021-05-23 20:08:26,7351,x7NFkKU,cbriertonke@foxnews.com,Carolan,Brierton
1010,2021-10-09 04:40:47,5785,5rXBOWxr,hwrateskf@bloglovin.com,Heddie,Wrates
1006,2021-05-25 13:01:53,7994,v3zGE6O6BFcS,slagekg@msn.com,Selle,Lage
1006,2020-11-20 17:21:19,2507,NrcbV0k,hbarnskh@dion.ne.jp,Hew,Barns
1000,2021-08-21 05:11:24,7697,Y0hDi0OoO5,sgeeritski@thetimes.co.uk,Spense,Geerits
1007,2021-07-11 00:40:58,7501,ClQiuKttgx,rmortelkj@wikimedia.org,Rick,Mortel
1000,2021-02-26 09:04:30,9516,ffgQ7hhaYkIa,cteulierkk@patch.com,Cosette,Teulier
1001,2021-03-12 21:39:38,6429,iLNwyUUv,cfranklynkl@fema.gov,Claudie,Franklyn
1007,2021-01-14 03:30:23,4693,TllV6EIH,akilliamkm@1und1.de,Anna-diane,Killiam
1010,2021-09-11 18:47:47,5068,tLD9VeBgGky,emoyerkn@altervista.org,Elia,Moyer
1004,2020-12-05 09:20:37,9174,DKARPkbs1CL0,ihebblethwaiteko@blogtalkradio.com,Irma,Hebblethwaite
1004,2021-09-16 04:09:10,7188,N7Kwubteu,dwerrilowkp@yellowbook.com,Daniela,Werrilow
1010,2020-12-28 03:27:33,8783,C5RjDqoIO,jlintallkq@yandex.ru,Jordon,Lintall
1004,2021-03-17 14:55:22,3492,OpJWev8,agladwellkr@amazon.com,Artair,Gladwell
1003,2021-08-09 05:36:16,9255,IwjXAL3xDc,josesnaneks@wisc.edu,Jere,O'Sesnane
1009,2021-06-21 19:53:14,6895,ihFy5SdG,lleckiekt@histats.com,Latia,Leckie
1006,2021-07-04 06:21:41,8334,AJblt8WMrW,bseallyku@cornell.edu,Barnabas,Seally
1002,2020-11-07 05:22:26,8808,Yhbpp44bjdX,cleafekv@cloudflare.com,Cindra,Leafe
1003,2020-12-31 07:11:45,9737,s40P4HhY,bwhitchurchkw@buzzfeed.com,Barb,Whitchurch
1010,2021-06-20 13:52:08,2546,7rWRoj94,mouterbridgekx@exblog.jp,Matthew,Outerbridge
1001,2021-02-08 21:30:14,4915,K2Hs3uK,zboolsenky@nbcnews.com,Zaccaria,Boolsen
1007,2021-02-11 01:38:54,1762,vmLkCBDUu4BD,sguinerykz@webs.com,Sherm,Guinery
1003,2020-12-26 18:02:11,1804,A10x9PeQU,mardyl0@imageshack.us,Mabel,Ardy
1004,2020-12-08 06:19:00,1792,BEcgZEr6,hsinnattl1@accuweather.com,Hewe,Sinnatt
1001,2021-05-15 10:33:54,9220,oVZUxYWox,mmacmoyerl2@uol.com.br,Michal,MacMoyer
1003,2021-01-13 16:47:00,5087,lZ3eGFFdK,pkobell3@paginegialle.it,Phylys,Kobel
1008,2020-11-10 15:17:46,2306,Bb3U0R,gkasel4@theguardian.com,Giff,Kase
1009,2021-11-06 02:54:28,1094,1A3C4s2aA,kredbournl5@stumbleupon.com,Karilynn,Redbourn
1007,2021-03-21 17:51:37,5764,RrYlUo3H,btapscottl6@360.cn,Berty,Tapscott
1008,2021-05-28 18:05:06,5212,4tuvYnjV,rblunel7@statcounter.com,Rivkah,Blune
1006,2021-07-18 11:14:27,3272,DnHqnxMAQ92v,kyurshevl8@printfriendly.com,Khalil,Yurshev
1000,2021-08-05 12:57:09,2358,Q6xH8q7,mcogginsl9@amazon.com,Maribeth,Coggins
1005,2021-04-15 06:37:45,9985,N4yfZgl64,emarquotla@delicious.com,Eli,Marquot
1003,2021-06-01 00:41:09,4008,30igqBoI4224,rboswardlb@auda.org.au,Robina,Bosward
1001,2021-06-18 11:15:35,3179,JA0u2WwIpmWa,fdimmacklc@360.cn,Freddi,Dimmack
1002,2020-11-26 23:55:21,5232,cv4ggpJBz1YW,ckarimld@sitemeter.com,Catherin,Karim
1001,2021-07-25 11:46:28,7896,ndR6cGcB,sfarrle@webmd.com,Shaylyn,Farr
1003,2021-01-03 03:49:27,3521,yzWioTj,walbuttlf@ehow.com,Wyndham,Albutt
1009,2020-12-10 04:15:09,1485,0yo9WTel,gprandolg@fda.gov,Giffie,Prando
1001,2021-03-13 17:56:43,2326,JGc81EkcjT5,hjirsalh@seesaa.net,Haley,Jirsa
1002,2021-04-20 18:57:44,6029,DfaVozPgT,wellcockli@tiny.cc,Wernher,Ellcock
1003,2020-11-18 06:21:18,4365,tYl0F0RC,yropkinslj@icio.us,Yolane,Ropkins
1007,2021-04-16 12:25:15,6770,4pnD8w5,gjedraslk@bluehost.com,Ginevra,Jedras
1003,2021-01-01 00:08:09,9011,zoh9bfhLYR,obennisll@google.com.br,Orville,Bennis
1008,2020-12-02 17:20:01,5128,JqrtUJKZ,mverdonlm@acquirethisname.com,Maryjane,Verdon
1000,2021-10-24 19:36:49,1729,QcRVX1C,jrusbridgeln@ebay.co.uk,Jarrod,Rusbridge
1007,2021-03-10 09:53:43,3072,SHYPI8zVpG3P,fbabelo@diigo.com,Filmore,Babe
1004,2021-10-26 14:51:23,3604,g5LOe2,tchasneylp@cyberchimps.com,Toby,Chasney
1008,2021-10-24 08:02:56,6009,xNEVAqNRM,jbuckhurstlq@tripadvisor.com,Jorrie,Buckhurst
1009,2021-07-22 15:56:45,9037,fO6KIAkEb,gcowburnlr@gmpg.org,Garey,Cowburn
1007,2021-03-08 10:10:12,6610,bHFHTwFeN5,lthirlwellls@ucsd.edu,Lula,Thirlwell
1001,2020-12-22 08:49:18,6874,ITCJHB,iullrichlt@wikipedia.org,Ivy,Ullrich
1005,2021-04-17 20:17:19,8372,Z9Bfivk7,astanfieldlu@ibm.com,Andrus,Stanfield
1001,2021-08-03 20:19:05,7669,FdYVwY,glurcocklv@ezinearticles.com,Gwenette,Lurcock
1009,2021-03-21 17:14:33,5469,2qVCHiMmdGHJ,apanimanlw@marriott.com,Angele,Paniman
1001,2021-03-14 04:23:31,6279,Q1sowL,rthomassonlx@networksolutions.com,Reeba,Thomasson
1000,2020-11-10 08:53:39,8565,kVODLvIL,lcleally@skype.com,Lindsay,Cleal
1010,2021-02-01 07:50:35,2133,zSGAojRE,cabbotlz@twitter.com,Claudius,Abbot
1008,2021-07-17 23:40:24,2326,viYBDP5Rk9,avanderbruggem0@xinhuanet.com,Alessandro,Van der Brugge
1000,2021-03-14 15:11:03,1578,z5bytLMmP3S,pmeriothm1@alibaba.com,Penrod,Merioth
1006,2021-10-10 23:03:28,2516,gdCDbjjP,losipovm2@ameblo.jp,Liana,Osipov
1006,2021-06-02 01:30:02,1207,srUjJ0cfF,glandrickm3@engadget.com,Giacopo,Landrick
1008,2021-04-13 10:32:16,2661,Rd8IAH9,efieldhousem4@networkadvertising.org,Eddie,Fieldhouse
1010,2021-09-03 11:10:35,5859,l4IuKRiDlg,tchoatm5@desdev.cn,Tyrone,Choat
1005,2021-04-21 06:37:33,3024,GbsQ2a,cgoselingm6@pcworld.com,Curtis,Goseling
1004,2021-01-10 00:41:34,9287,n3i5oqjx,dlarmetm7@cyberchimps.com,Daphne,Larmet
1005,2020-11-22 14:42:47,4754,sHYyZ3XnQcx,jabbatem8@yahoo.co.jp,Janaya,Abbate
1002,2020-11-16 13:47:36,8511,Qy1raS1YQnaX,ctomaszczykm9@loc.gov,Candis,Tomaszczyk
1006,2021-02-02 02:52:48,5077,6MOK6jbJlDFd,nlindebergma@timesonline.co.uk,Nisse,Lindeberg
1001,2021-03-26 23:18:56,1266,D3RHeAISOzm3,orenshellmb@hud.gov,Octavia,Renshell
1000,2021-05-24 18:05:01,6264,dYHFnCdIpm,gpoulsonmc@weather.com,Gussie,Poulson
1007,2020-11-23 23:43:11,8006,Q4h0ckt8bR,mwaddiemd@moonfruit.com,Maurise,Waddie
1010,2021-07-23 09:31:55,5905,RlSxla5vVuw,ctidmarshme@sciencedaily.com,Creigh,Tidmarsh
1010,2021-04-24 17:10:10,4690,QAyYq9xfKZ,kbesantmf@yellowpages.com,Katrine,Besant
1008,2021-05-28 22:42:31,5310,aW1ijycp,sduguidmg@chronoengine.com,Stacia,Duguid
1001,2021-05-30 19:41:34,8754,P7UqVPQY1v,jhaynesmh@hp.com,Joli,Haynes
1009,2021-02-17 01:25:00,9075,Av1Sinvllor4,bwanklinmi@arstechnica.com,Barnabe,Wanklin
1000,2021-03-31 00:20:29,7790,S6p0UlHLiHQ,owarlandmj@prlog.org,Othello,Warland
1006,2020-12-11 21:18:00,9678,TDQO6jiD,obloschkemk@seesaa.net,Orson,Bloschke
1001,2021-10-13 03:07:17,8976,f1fQlg,ecannerml@tinyurl.com,Ezequiel,Canner
1006,2021-01-01 00:26:50,3816,tjOb9F,ndrewmm@wordpress.com,Nikos,Drew
1006,2021-09-10 15:01:38,8903,7Cel197iO,afriskeymn@quantcast.com,Amble,Friskey
1007,2021-05-22 01:55:14,1585,I1OydOVq,hharbottlemo@army.mil,Homere,Harbottle
1010,2021-01-24 03:30:39,8934,ZdmyR84acAKi,balyonovmp@slideshare.net,Basil,Alyonov
1004,2020-12-12 23:09:14,2828,PGNRRumbMrh,krennenbachmq@yale.edu,Krispin,Rennenbach
1004,2021-06-29 08:39:37,3188,WDElkBKdH,fdickenmr@fotki.com,Florie,Dicken
1003,2021-01-22 09:27:09,3685,QD7twV,lcasbournems@fda.gov,Leah,Casbourne
1005,2021-03-18 18:21:43,3987,XMz2mmZY,bsuggittmt@friendfeed.com,Birgitta,Suggitt
1008,2021-01-25 17:50:38,5574,vtMLCk7Rv,kstowgillmu@jalbum.net,Katharina,Stowgill
1009,2020-12-17 11:01:15,1754,Yw3HPaVKHjJa,mmckiniemv@mlb.com,Madge,McKinie
1006,2021-11-04 18:36:43,4110,wJQ95D8K8Z,astoriemw@networkadvertising.org,Adelice,Storie
1010,2021-01-18 03:32:23,1293,nDppJvHm3wcb,kwheblemx@godaddy.com,Kalie,Wheble
1003,2021-08-31 19:14:51,9571,hUwBUr,dhairesnapemy@businessweek.com,Davidson,Hairesnape
1001,2021-06-28 08:36:26,9949,wW93icj,eivanchovmz@statcounter.com,Edythe,Ivanchov
1003,2020-12-24 13:16:51,3583,7y5IDdYWEc,harntzenn0@scientificamerican.com,Hernando,Arntzen
1004,2020-11-29 02:38:33,6984,wPsIPNa,azmitrukn1@webmd.com,Athena,Zmitruk
1010,2021-07-23 09:42:53,1550,pNHShxWhX,nshirern2@epa.gov,Norene,Shirer
1006,2021-07-01 20:34:46,5287,62OUM936eP,zchristofoln3@hc360.com,Zoe,Christofol
1005,2021-06-30 22:53:40,9810,CbbTr9a46,cguyann4@java.com,Christoffer,Guyan
1006,2021-02-16 14:02:22,9167,WrgGKee0v,mbeeckern5@ning.com,Mirelle,Beecker
1010,2021-02-21 21:38:15,2907,yMODW1w8g,gziebartn6@army.mil,Gerard,Ziebart
1004,2021-03-05 13:20:15,3804,tiDc1kv02qJ,tmccartn7@nih.gov,Tybie,McCart
1006,2021-01-09 01:47:48,1411,VTjSNeOmX,ogibbn8@elpais.com,Othilia,Gibb
1001,2021-10-20 20:18:28,5045,D2pBP5AEPyze,dosgoodn9@miitbeian.gov.cn,Donavon,Osgood
1010,2021-08-28 13:55:07,3022,JG4V0ew,srogansna@apache.org,Sharron,Rogans
1004,2021-09-21 09:30:48,3885,gEZuJv7,esimeceknb@about.com,Etan,Simecek
1005,2021-10-15 19:30:16,6442,eybd2W,ndearnnc@alibaba.com,Noble,Dearn
1005,2021-01-14 13:12:43,5449,v6bn93C,wdymondnd@constantcontact.com,Waylan,Dymond
1000,2021-06-26 02:09:21,9981,CSeWTa,ssnalomne@nps.gov,Shawn,Snalom
1006,2020-11-10 06:12:41,2247,QOge2Y,mmeiningennf@elegantthemes.com,Martin,Meiningen
1007,2020-11-16 07:07:33,5774,Ae51JKVCbKVg,mesgateng@csmonitor.com,Mic,Esgate
1007,2021-07-10 08:11:17,5976,yxjPguqV0sm,lficklingnh@bloglovin.com,Lenka,Fickling
1009,2021-03-13 20:24:51,1964,pvUAgBk1,mredhollsni@tumblr.com,Michaella,Redholls
1010,2021-08-26 08:44:46,7326,3nuvNNfOYrFy,mrogetnj@google.ca,Mirna,Roget
1001,2021-09-18 14:40:19,8210,knlA0dw,zbrambleynk@storify.com,Zsazsa,Brambley
1002,2021-09-18 09:50:34,5951,Qq9rBqxwt2xX,nrosenbergnl@engadget.com,Noell,Rosenberg
1010,2021-04-24 17:00:16,6893,PoNWSW7La,amonteznm@slideshare.net,Andriette,Montez
1007,2021-03-23 04:16:01,9496,FX89XZRh2g,cfyersnn@jiathis.com,Coriss,Fyers
1010,2020-12-22 14:06:05,2265,w7O9pVn2lnE,dvindenno@ovh.net,Daniele,Vinden
1000,2021-08-21 23:16:51,1793,asSm6FfaRI9l,lmcwhannp@printfriendly.com,Lennard,McWhan
1008,2020-12-21 05:31:46,6755,qMHq5Qv5,gmilamnq@gmpg.org,Garnet,Milam
1000,2021-01-21 07:54:28,2949,ecTgxQ,asivyournr@unesco.org,Amalea,Sivyour
1010,2021-02-25 03:57:57,8367,pxJOTVsF,cbeangens@ycombinator.com,Claudianus,Beange
1009,2020-11-16 16:29:44,2747,uDjKvnY,lsagernt@google.com.br,Lacie,Sager
1000,2021-03-29 00:45:13,3268,aoyhjmQ8N5,sdysartnu@yahoo.com,Simmonds,Dysart
1004,2021-10-08 13:46:03,1339,JVpb3T,gbeetonnv@java.com,Giselbert,Beeton
1010,2021-01-10 18:07:47,7268,KdksnHZpVTSG,owoodbridgenw@delicious.com,Osborne,Woodbridge
1005,2020-11-30 05:18:14,6765,4Mc98K,adundonnx@intel.com,Alain,Dundon
1003,2021-10-16 08:10:47,3695,kOrqLSJn5,ejeroschny@msu.edu,Effie,Jerosch
1004,2021-03-19 01:43:24,7146,2UwtLbwxczKI,jvasinnz@alibaba.com,Josey,Vasin
1003,2021-01-04 10:54:56,9044,TocWfhvh,mvallantineo0@ca.gov,Melitta,Vallantine
1006,2021-07-10 10:52:06,8863,FcinDTnI,fbanthorpeo1@newyorker.com,Faith,Banthorpe
1003,2020-11-22 15:19:37,4558,swvPrp,kglossupo2@sciencedirect.com,Kriste,Glossup
1010,2021-07-22 20:36:04,7212,aUqv0AMgOXKX,lkilkennyo3@zimbio.com,Lorrayne,Kilkenny
1000,2021-08-29 04:58:03,8036,c1qHciHZ,marmoro4@tinyurl.com,Mariejeanne,Armor
1005,2021-06-16 20:05:13,3137,hMWIeHSvnXI,ispenceo5@zimbio.com,Ira,Spence
1004,2021-08-07 05:50:34,1502,fqCjfs,ssirmono6@comsenz.com,Sindee,Sirmon
1010,2021-09-12 02:12:10,7506,MWYBc6UmAmo0,crotherao7@livejournal.com,Chad,Rothera
1009,2020-11-07 23:23:45,2125,8Pach4Cpb,cjentgenso8@ameblo.jp,Carrie,Jentgens
1006,2020-11-25 04:09:17,9426,AiymlQvF,ltomczako9@stanford.edu,Lura,Tomczak
1009,2020-11-27 08:36:21,9648,WAP61n,ryurkiewiczoa@wordpress.com,Rudd,Yurkiewicz
1004,2021-07-31 01:28:18,3292,T3YJepYR,fcuthillob@marketwatch.com,Freedman,Cuthill
1004,2021-07-09 10:02:51,5223,6lEb7k,scristoferioc@samsung.com,Sandy,Cristoferi
1000,2021-02-19 10:16:34,5956,wxZPalh,dmohamedod@ucoz.ru,Domingo,Mohamed
1006,2021-07-18 11:39:35,3463,VIz7FB7JSZ3a,caubinoe@apple.com,Cilka,Aubin
1006,2021-01-14 14:38:58,3936,FhW49hk7nT,awaszczykowskiof@dot.gov,Anatollo,Waszczykowski
1008,2021-08-08 21:22:05,7753,tGQ0JXb5mwv,ttownerog@unesco.org,Traci,Towner
1009,2021-06-05 20:03:45,9398,pJ04U9eJl,blemonoh@tinypic.com,Bryana,Lemon
1005,2021-09-08 11:07:59,8863,HGG4Mkv1O,scormackoi@slashdot.org,Stanford,Cormack
1004,2021-01-30 15:42:50,8629,SDVSdDkGMai,sjutsonoj@tamu.edu,Sibbie,Jutson
1006,2021-08-22 11:19:25,1265,RCTVHurgx,jcastanaok@google.com.hk,Joann,Castana
1005,2021-04-28 04:14:48,3269,qCnT9Qf5SS,nillyesol@drupal.org,Niki,Illyes
1009,2021-08-20 07:04:43,5077,SmIcbTs,rjoanicom@paginegialle.it,Rici,Joanic
1008,2021-10-22 21:02:55,6577,4FUEpFUTib,wpilleron@economist.com,Winifred,Piller
1009,2021-05-03 13:58:33,7604,k8dR5Nj7g,ybasillonoo@cocolog-nifty.com,Yorke,Basillon
1001,2021-07-29 05:05:20,2019,TdGkEpttLZT,rheintzeop@yahoo.co.jp,Rosalinde,Heintze
1000,2021-03-19 00:30:53,3474,F8FBQwUNnX,cochiltreeoq@imgur.com,Caralie,Ochiltree
1003,2020-12-12 17:13:04,8710,dFvqRxDh4,bbarnardoor@marriott.com,Benita,Barnardo
1004,2021-08-19 13:09:35,4189,bsHJCxNFtFt,dblackborneos@shutterfly.com,Daffy,Blackborne
1008,2021-03-18 01:25:47,2776,1KoK8G9,dhusbandot@webs.com,Dun,Husband
1004,2021-07-09 03:17:44,9579,39F6w0lLaVqG,bmoraleeou@webnode.com,Berte,Moralee
1006,2021-11-04 16:54:07,4288,Qq8l8C,dfrizzellov@canalblog.com,Der,Frizzell
1003,2021-07-10 14:56:54,2981,48pX26,adecourtneyow@google.co.uk,Adela,De Courtney
1004,2021-10-28 16:33:49,6935,5cBULSrvU29,jpothergillox@angelfire.com,Jeanette,Pothergill
1010,2020-11-18 14:43:09,1725,iOIwOIjX8S,lgoleyoy@prnewswire.com,Leeland,Goley
1004,2021-02-15 10:25:44,5673,mxLIM1YbCx,eigounetoz@shareasale.com,Emelita,Igounet
1000,2020-12-21 20:48:50,9949,Rvyhw2FQ,hcocherp0@go.com,Horten,Cocher
1005,2021-03-03 21:40:27,6578,uaZ6eld,scranmerp1@thetimes.co.uk,Stillman,Cranmer
1000,2020-12-12 13:25:02,2383,PlaeVP,nsongustp2@hao123.com,Nelly,Songust
1003,2020-12-07 15:18:10,4886,b2iEttJYy,kdwirep3@java.com,Kelby,Dwire
1007,2021-06-19 08:21:48,4221,1mLQvqhS6,chobbertp4@skyrock.com,Charmane,Hobbert
1000,2021-03-10 10:34:07,4944,yZGCZ1Nk,pruddlesdenp5@dailymail.co.uk,Pippa,Ruddlesden
1009,2021-02-13 07:48:44,1814,bu4eUz,yconap6@yellowbook.com,Ysabel,Cona
1000,2021-01-08 14:33:59,9454,BzS5K9K,kwashingtonp7@blinklist.com,Kean,Washington
1002,2021-04-11 02:58:36,8232,3OLNdXD1,ddarlastonp8@cam.ac.uk,Darci,Darlaston
1002,2021-06-15 14:31:05,8078,dWpkC1cUY6,hwillasp9@qq.com,Hall,Willas
1001,2021-03-07 23:59:36,3243,TSNlDo3E2lgm,prudkinpa@dot.gov,Peterus,Rudkin
1010,2021-01-14 03:39:52,3001,VXR3kTLKXN,arosindillpb@elegantthemes.com,Augustin,Rosindill
1002,2021-04-23 01:24:14,4230,6Z4yNrR,jonslowpc@dedecms.com,Joane,Onslow
1000,2021-10-20 23:49:01,3068,BZC1z9Tgp,ggentreaupd@shinystat.com,Goraud,Gentreau
1008,2021-09-03 20:23:21,3932,ylJ3vJ67si,hweeklandpe@reddit.com,Hymie,Weekland
1006,2021-04-02 00:59:24,9580,NOz9l7,pleckypf@ovh.net,Philipa,Lecky
1001,2021-07-05 05:06:28,8651,vfODcGK2krZT,pdwelleypg@oaic.gov.au,Phillip,Dwelley
1004,2020-11-18 08:01:40,7770,x9DeChr6,bfranziniph@comsenz.com,Bernadene,Franzini
1003,2021-04-07 15:26:55,6464,F60R0K9rEQJ,fcervantespi@sakura.ne.jp,Frayda,Cervantes
1010,2021-09-19 02:00:09,2747,SaQioct,kclapshawpj@blogspot.com,Karalee,Clapshaw
1009,2021-04-14 00:45:53,9178,qMtFFtkc,ggodonpk@reuters.com,Garland,Godon
1001,2021-04-01 06:41:59,8843,bRQ1ewRd,dwillowbypl@ed.gov,Domenic,Willowby
1009,2020-11-15 08:23:07,1114,XYVeQsIpZi6,dfancuttpm@behance.net,Di,Fancutt
1001,2021-09-02 18:43:42,5762,wNZ9oMyBW,lcundictpn@yelp.com,Lawry,Cundict
1004,2021-10-30 01:06:04,1210,UPLp3lp,lcaruspo@uiuc.edu,Lionello,Carus
1000,2021-01-13 04:37:24,7481,AddN7b,dferopp@elpais.com,David,Fero
1004,2021-07-15 00:01:54,3972,EqDnbK,zschurigpq@csmonitor.com,Zondra,Schurig
1000,2021-01-05 04:24:55,5770,Z2BDJABU,dottampr@theguardian.com,Derron,Ottam
1009,2021-09-26 12:10:36,1275,TKI4AL,cawtonps@google.nl,Claudian,Awton
1000,2021-05-30 13:15:22,1659,Oa9ZUZD,lsavegept@hostgator.com,Lindi,Savege
1007,2020-12-06 23:57:40,9406,sJDLrguDJ,ahawkinspu@blogtalkradio.com,Alexis,Hawkins
1010,2021-05-19 02:46:05,5228,iFjFELZk,sgearypv@opensource.org,Samara,Geary
1002,2021-02-09 04:29:40,5065,FWSlSXm57,btonbyepw@de.vu,Beauregard,Tonbye
1010,2021-04-28 11:28:57,7751,MI2HWrEp0,abernardouxpx@booking.com,Ashlie,Bernardoux
1007,2021-03-06 00:52:36,8637,z1qF6kUV,acoveypy@house.gov,Aimil,Covey
1007,2021-01-24 15:32:23,1981,fPJa8P,fmcteaguepz@opensource.org,Farleigh,McTeague
1003,2021-09-07 17:18:16,4533,5EBlNoMU5bNH,wwipperq0@tuttocitta.it,Wendye,Wipper
1004,2021-06-18 02:54:58,3915,tvtZjTry,iparsellq1@hhs.gov,Iris,Parsell
1007,2021-06-09 18:39:47,4140,hbW9YpziZD,bdearthq2@stanford.edu,Bryana,Dearth
1005,2021-03-13 16:46:27,1150,M8b4UKrJwj,rdabelq3@blogger.com,Rochella,Dabel
1003,2021-08-13 10:14:33,4889,cJgCt8qp1YV,tjammeq4@discuz.net,Tonia,Jamme
1005,2021-07-08 01:30:59,3109,36oSn4zz,jhumblestoneq5@forbes.com,Jaquenetta,Humblestone
1001,2021-04-16 15:52:11,7264,MtAEoo,acalfeq6@vistaprint.com,Alexis,Calfe
1009,2021-07-06 00:59:55,1000,wMjAqOL5c,ppeatq7@woothemes.com,Patten,Peat
1003,2021-06-27 06:41:04,8379,gWHCXCQO,tstockingsq8@sciencedirect.com,Templeton,Stockings
1008,2021-06-09 00:55:44,5527,Qcf6l15v6Zt,jambroiseq9@utexas.edu,Jervis,Ambroise
1002,2021-05-08 05:10:00,5476,CSrU1ucgEml,mquakleyqa@squidoo.com,Mildrid,Quakley
1009,2021-04-02 19:51:16,6635,mONwfXyDU9,umctagueqb@typepad.com,Umeko,McTague
1005,2021-09-21 18:52:28,3206,ErcqJnPGeFU,srollerqc@amazon.de,Scarlet,Roller
1007,2020-11-10 09:45:25,2132,gwxli7TjPVg,dspragingqd@ifeng.com,Durant,Spraging
1004,2020-12-23 16:25:48,4787,1ODp83CV,muptonqe@tumblr.com,Milissent,Upton
1003,2021-02-12 19:43:53,6795,ygYnrc5aEp,rwinterqf@nymag.com,Rahel,Winter
1003,2020-12-17 07:09:10,4313,xEY1nJ,vleeqg@google.pl,Vanessa,Lee
1001,2021-07-06 10:23:07,8600,PyFUCJGY,ksabenqh@omniture.com,Kimberley,Saben
1000,2020-12-20 15:35:43,8172,itmEPJZpV8e,mferriniqi@reference.com,Mackenzie,Ferrini
1003,2021-02-01 01:06:28,2136,j0QfbM,kskalaqj@oakley.com,Krystalle,Skala
1009,2020-12-01 04:19:54,7052,ubd0Xmepet5,wbarhemqk@topsy.com,Winnie,Barhem
1007,2021-01-20 18:33:51,1754,PnnxNbS,wyonnieql@squarespace.com,Wilma,Yonnie
1009,2021-03-28 08:42:23,4221,uzZ0uSP,ivinkerqm@nbcnews.com,Izabel,Vinker
1002,2020-11-09 14:28:18,2114,3r9F55N8m,menglishbyqn@nba.com,Marcellus,Englishby
1007,2021-10-16 13:10:40,7970,3GQFWMpA,cwilkersonqo@admin.ch,Clare,Wilkerson
1003,2021-10-25 05:31:36,9961,ZyaxMe8V3n,cborlandqp@census.gov,Clayborn,Borland
1002,2021-05-25 07:08:48,1503,54CA0tK,boldmanqq@hostgator.com,Barrie,Oldman
1000,2021-09-15 13:44:06,5567,HYZYiH4EJj,sdulanyqr@instagram.com,Sylvan,Dulany
1007,2021-02-11 01:06:44,7464,kjybBe,npridenqs@usda.gov,Ninon,Priden
1001,2021-09-09 10:25:30,7233,dmLztf4pjL,bbarnettqt@stanford.edu,Bevin,Barnett
1007,2021-02-10 21:47:06,2823,5CqY5FRZD,gsartenqu@smugmug.com,Gayla,Sarten
1009,2021-08-01 19:57:23,4057,8Eu1PAu3Xu,jsimmankqv@sogou.com,Johanna,Simmank
1001,2020-11-16 09:53:10,5559,Xfzuun2h,cdallinqw@usgs.gov,Camilla,Dallin
1006,2021-04-01 22:55:14,4770,uhA6jJs1,largentqx@sciencedaily.com,Lolly,Argent
1010,2021-02-02 06:01:56,8947,Wvs4f1,tchaplainqy@archive.org,Tuckie,Chaplain
1002,2021-08-14 06:46:00,7238,KIqraze9,echesterqz@godaddy.com,Ellwood,Chester
1009,2021-09-10 18:55:39,8298,625baOVj4,schildsr0@tmall.com,Stevie,Childs
1005,2021-05-10 22:42:55,7817,FeGQDQpUDC,rhelisr1@opera.com,Rhody,Helis
1003,2021-05-15 03:46:45,6040,vEI5Ro3J,knisiusr2@opera.com,Kial,Nisius
1001,2021-03-09 02:02:32,6231,oqiITfOdi,tdurbynr3@cmu.edu,Teodor,Durbyn
1002,2020-12-22 04:02:42,2900,SskKeH2iZc,svasyuchovr4@nymag.com,Spike,Vasyuchov
1005,2021-07-20 14:21:18,6193,bDsAG7VoU,csnellerr5@sohu.com,Coop,Sneller
1010,2021-08-27 12:04:44,7441,9dsVgz,gbalchr6@ft.com,Gerri,Balch
1003,2021-07-20 01:40:05,3074,vvrYQY7jX,mdoyr7@scientificamerican.com,Morna,Doy
1007,2021-06-07 08:46:16,1538,dYTpT8P,hdecastrir8@amazonaws.com,Harmonie,De Castri
1007,2020-12-26 11:47:39,5049,twTvOdKoZ,vheatheringtonr9@vimeo.com,Virginie,Heatherington
1007,2021-02-19 08:02:13,7165,ymiqyxXXu,chabgoodra@ovh.net,Crissie,Habgood
1005,2021-09-13 08:49:50,5599,IfRNnFLq0q,abauduinrb@europa.eu,Artemas,Bauduin
1003,2021-01-30 12:58:02,3296,BHEcS3Xb0vG,zlecointerc@1und1.de,Zebulon,Lecointe
1001,2020-12-04 09:02:17,5105,smleItG,liggaldenrd@miitbeian.gov.cn,Lucio,Iggalden
1001,2021-11-03 01:40:01,3662,4QLbVfZlf5cn,owevellre@dedecms.com,Oriana,Wevell
1000,2021-03-28 11:33:08,1390,045w2H4J,sleeburnrf@imdb.com,Skyler,Leeburn
1002,2021-06-12 03:51:35,5655,zG5JLqXmgGQf,rtoffolonirg@mediafire.com,Robinette,Toffoloni
1003,2021-05-20 13:45:01,8480,FOIagtSDU,hswiggrh@blogger.com,Hallsy,Swigg
1004,2021-04-21 06:18:28,2448,Sq71Bjs,dnairyri@nymag.com,Della,Nairy
1008,2021-10-24 01:24:06,3925,EkE6aXwVt3X,cstirtlerj@typepad.com,Charlton,Stirtle
1002,2021-08-27 11:49:58,1049,Vynk99t6r,agherardescirk@adobe.com,Adel,Gherardesci
1001,2021-03-24 11:54:40,7032,DfPNMr,agrzegorzewiczrl@github.io,Abbye,Grzegorzewicz
1004,2020-11-25 21:21:32,6683,jx9nuddEhDJ5,cvipanrm@arstechnica.com,Ciro,Vipan
1008,2020-11-08 16:44:57,1643,d29PWbX,amurnamern@exblog.jp,Alida,Murname
1010,2021-02-10 14:26:54,7788,yqRUmHWC,lchrichtonro@woothemes.com,Lavena,Chrichton
1010,2021-05-08 21:53:23,7785,IrMBZmqz80Ac,mhuntingdonrp@macromedia.com,Marris,Huntingdon
1006,2021-02-05 06:36:59,7963,t9doG7xy,cneilanrq@usgs.gov,Christyna,Neilan
1000,2021-03-18 18:00:30,6809,yj8SOSv2,vjouhandeaurr@amazon.de,Valle,Jouhandeau
